ID,condition,correct,RT
001,neutral,Y,1.186
001,congruent,Y,0.667
001,congruent,Y,0.614
001,neutral,Y,0.696
001,neutral,Y,0.752
001,incongruent,Y,0.864
001,congruent,Y,0.793
001,neutral,Y,0.662
001,neutral,Y,0.715
001,incongruent,Y,0.792
001,neutral,Y,0.739
001,congruent,Y,1.028
001,incongruent,Y,0.785
001,congruent,Y,0.789
001,neutral,N,0.898
001,neutral,Y,0.907
001,incongruent,Y,1.055
001,incongruent,Y,0.654
001,incongruent,Y,0.662
001,incongruent,Y,0.661
001,neutral,N,0.847
001,neutral,Y,0.811
001,congruent,Y,0.801
001,incongruent,Y,0.737
001,congruent,Y,1.007
001,neutral,Y,1.016
001,neutral,Y,0.745
001,congruent,Y,0.923
001,congruent,Y,0.938
001,neutral,Y,0.747
001,incongruent,Y,1.106
001,incongruent,Y,1.191
001,congruent,Y,0.67
001,congruent,Y,0.967
001,neutral,Y,0.835
001,neutral,Y,0.796
001,congruent,Y,0.889
001,congruent,Y,0.788
001,congruent,Y,0.627
001,incongruent,N,0.926
001,neutral,N,0.778
001,neutral,Y,0.823
001,neutral,Y,0.702
001,neutral,Y,0.622
001,incongruent,Y,1.036
001,incongruent,Y,0.552
001,neutral,Y,0.891
001,incongruent,Y,0.853
001,congruent,Y,1.052
001,congruent,Y,0.637
001,congruent,Y,0.918
001,incongruent,Y,0.924
001,neutral,Y,0.835
001,neutral,Y,0.709
001,incongruent,Y,0.825
001,congruent,Y,0.727
001,congruent,Y,0.743
001,incongruent,N,0
001,congruent,Y,0.697
001,congruent,Y,0.689
001,incongruent,Y,0.87
001,congruent,Y,0.695
001,neutral,Y,0.851
001,incongruent,Y,1.148
001,neutral,Y,0.921
001,incongruent,Y,1.23
001,congruent,Y,0.804
001,incongruent,Y,0.985
001,incongruent,Y,1.022
001,neutral,N,0.895
001,neutral,Y,0.695
001,congruent,Y,0.931
001,incongruent,Y,1.093
001,neutral,Y,0.744
001,congruent,Y,0.953
001,congruent,Y,0.923
001,incongruent,Y,1.127
001,neutral,Y,0.873
001,incongruent,Y,0.945
001,incongruent,Y,1.219
001,incongruent,Y,1.078
001,neutral,Y,0.691
001,neutral,Y,0.808
001,congruent,Y,0.935
001,neutral,Y,0.752
001,congruent,Y,0.801
001,neutral,Y,1
001,incongruent,Y,0.692
001,neutral,Y,0.832
001,incongruent,N,0.974
001,congruent,Y,0.768
001,congruent,Y,0.624
001,incongruent,Y,1.036
001,congruent,Y,0.761
001,congruent,Y,0.635
001,incongruent,N,0.922
001,congruent,Y,0.78
001,congruent,Y,0.694
001,incongruent,Y,0.979
001,congruent,Y,0.911
001,congruent,Y,0.787
001,congruent,Y,0.841
001,neutral,Y,0.878
001,neutral,Y,0.714
001,congruent,Y,0.869
001,neutral,Y,0.801
001,neutral,Y,1.05
001,neutral,Y,1.031
001,incongruent,N,1.048
001,neutral,Y,0.792
001,incongruent,Y,1.158
001,congruent,Y,0.757
001,neutral,Y,0.91
001,congruent,Y,0.666
001,neutral,Y,1.067
001,incongruent,N,0
001,neutral,Y,1.089
001,congruent,Y,0.653
001,congruent,Y,0.642
001,incongruent,Y,0.961
002,neutral,Y,0.888
002,congruent,Y,0.597
002,incongruent,Y,1.428
002,neutral,N,0.87
002,incongruent,N,0
002,neutral,Y,0.888
002,incongruent,N,0.742
002,congruent,Y,1.511
002,incongruent,Y,0.717
002,neutral,Y,0.564
002,incongruent,Y,1.102
002,incongruent,Y,0.836
002,incongruent,Y,0.802
002,neutral,Y,0.478
002,neutral,Y,0.777
002,congruent,Y,1.133
002,incongruent,Y,0.957
002,congruent,Y,0.833
002,congruent,Y,0.773
002,neutral,N,1.005
002,congruent,Y,0.954
002,incongruent,Y,1.212
002,neutral,Y,0.801
002,neutral,Y,0.647
002,neutral,Y,0.734
002,congruent,Y,0.862
002,neutral,Y,0.638
002,incongruent,Y,1.212
002,congruent,Y,0.793
002,neutral,Y,0.927
002,congruent,Y,0.792
002,incongruent,Y,1.087
002,neutral,Y,0.942
002,congruent,Y,0.756
002,congruent,Y,0.827
002,congruent,Y,0.774
002,congruent,Y,0.655
002,incongruent,Y,1.009
002,incongruent,Y,0.993
002,incongruent,Y,0.786
002,neutral,Y,0.987
002,congruent,Y,0.682
002,incongruent,N,0
002,incongruent,Y,0.898
002,neutral,Y,0.668
002,congruent,Y,0.685
002,congruent,Y,0.896
002,congruent,Y,1.76
002,neutral,Y,0.827
002,congruent,Y,0.776
002,incongruent,Y,0.952
002,congruent,Y,0.706
002,congruent,N,0
002,congruent,Y,0.804
002,incongruent,Y,0.934
002,congruent,Y,1.258
002,neutral,N,0
002,congruent,Y,0.638
002,congruent,Y,1.449
002,congruent,Y,0.635
002,incongruent,Y,1.339
002,neutral,Y,1.908
002,neutral,N,0.635
002,congruent,Y,1.358
002,neutral,Y,1.236
002,incongruent,N,0.812
002,incongruent,N,1.57
002,incongruent,N,0
002,congruent,Y,0.871
002,neutral,Y,1.356
002,congruent,N,0
002,incongruent,N,1.027
002,incongruent,N,0
002,incongruent,N,0
002,incongruent,N,0.88
002,congruent,Y,0.869
002,neutral,Y,0.778
002,neutral,Y,1.006
002,incongruent,N,0
002,incongruent,Y,0.917
002,neutral,N,0
002,neutral,Y,0.998
002,incongruent,Y,1.199
002,neutral,Y,1.051
002,congruent,Y,0.716
002,congruent,Y,1.789
002,neutral,N,0
002,neutral,Y,0.858
002,neutral,N,0
002,congruent,N,0.727
002,congruent,Y,0.629
002,neutral,Y,1.31
002,congruent,N,0
002,congruent,N,0
002,incongruent,Y,1.082
002,neutral,Y,1.164
002,congruent,Y,0.725
002,incongruent,N,0
002,congruent,Y,0.756
002,neutral,Y,0.919
002,incongruent,N,0
002,neutral,N,0
002,congruent,Y,0.717
002,incongruent,Y,0.889
002,congruent,Y,1.043
002,neutral,N,0
002,neutral,Y,1.371
002,neutral,Y,0.852
002,neutral,N,0
002,neutral,Y,1.17
002,neutral,N,0
002,neutral,Y,0.774
002,congruent,Y,1.225
002,congruent,N,0
002,neutral,Y,0.922
002,neutral,N,0
002,incongruent,N,0
002,incongruent,Y,1.208
002,incongruent,Y,0.987
003,incongruent,Y,0.532
003,neutral,Y,0.602
003,incongruent,Y,0.754
003,incongruent,Y,0.753
003,congruent,Y,0.614
003,incongruent,Y,0.727
003,congruent,Y,0.601
003,congruent,N,0.7
003,congruent,Y,0.689
003,neutral,Y,0.71
003,congruent,Y,0.611
003,congruent,Y,0.69
003,congruent,Y,0.621
003,neutral,Y,0.748
003,neutral,Y,0.577
003,neutral,Y,0.665
003,incongruent,Y,0.544
003,neutral,Y,0.633
003,congruent,Y,0.636
003,neutral,Y,0.679
003,congruent,Y,0.57
003,neutral,Y,0.895
003,congruent,Y,0.68
003,neutral,N,0.604
003,incongruent,Y,0.78
003,neutral,Y,0.973
003,incongruent,Y,0.619
003,incongruent,Y,0.628
003,incongruent,Y,1.047
003,neutral,Y,0.899
003,incongruent,Y,0.766
003,congruent,Y,0.922
003,neutral,Y,0.676
003,neutral,Y,0.795
003,congruent,Y,1.033
003,neutral,Y,0.635
003,congruent,Y,0.72
003,neutral,Y,0.723
003,incongruent,Y,0.78
003,incongruent,Y,1
003,incongruent,Y,0.968
003,congruent,Y,0.967
003,congruent,Y,0.709
003,congruent,Y,0.645
003,neutral,Y,0.742
003,neutral,Y,0.821
003,neutral,Y,0.91
003,congruent,Y,1.174
003,congruent,Y,0.581
003,neutral,Y,0.722
003,neutral,Y,0.96
003,neutral,Y,0.746
003,neutral,Y,0.696
003,incongruent,Y,0.828
003,congruent,Y,0.894
003,congruent,Y,0.685
003,incongruent,Y,0.726
003,incongruent,Y,0.747
003,incongruent,Y,1.358
003,neutral,Y,1.38
003,neutral,Y,0.544
003,congruent,Y,0.505
003,congruent,N,0.86
003,neutral,Y,0.826
003,incongruent,Y,0.844
003,incongruent,Y,0.673
003,congruent,Y,0.719
003,incongruent,Y,1.223
003,congruent,Y,0.598
003,congruent,Y,0.662
003,incongruent,Y,1.009
003,congruent,Y,0.804
003,neutral,Y,0.947
003,congruent,Y,0.831
003,incongruent,Y,0.963
003,neutral,Y,0.657
003,neutral,N,0.938
003,neutral,Y,0.83
003,neutral,Y,0.839
003,incongruent,Y,1.178
003,neutral,Y,0.721
003,incongruent,Y,0.917
003,neutral,Y,0.528
003,congruent,Y,0.772
003,neutral,Y,0.806
003,neutral,Y,0.759
003,incongruent,Y,0.688
003,congruent,Y,0.757
003,neutral,Y,0.714
003,congruent,Y,0.627
003,neutral,Y,0.578
003,incongruent,Y,0.575
003,congruent,Y,0.689
003,incongruent,Y,0.673
003,neutral,Y,0.764
003,incongruent,Y,0.838
003,neutral,Y,0.72
003,neutral,Y,0.692
003,congruent,Y,0.536
003,neutral,Y,0.837
003,congruent,Y,0.674
003,incongruent,Y,0.653
003,congruent,Y,0.854
003,incongruent,N,0
003,neutral,Y,1.18
003,congruent,Y,0.71
003,incongruent,Y,0.916
003,congruent,Y,0.69
003,congruent,Y,0.744
003,incongruent,N,0
003,congruent,Y,0.797
003,congruent,Y,0.784
003,incongruent,Y,1.327
003,congruent,Y,0.617
003,congruent,Y,0.676
003,incongruent,Y,0.902
003,incongruent,Y,0.858
003,neutral,Y,0.719
003,congruent,Y,0.741
004,neutral,Y,0.863
004,incongruent,Y,0.655
004,incongruent,Y,0.656
004,incongruent,Y,0.45
004,congruent,Y,0.774
004,congruent,Y,0.826
004,neutral,Y,0.568
004,neutral,Y,0.82
004,incongruent,Y,1.016
004,congruent,Y,0.493
004,congruent,Y,0.554
004,congruent,Y,0.824
004,incongruent,Y,1.03
004,incongruent,Y,0.742
004,incongruent,Y,0.8
004,incongruent,Y,0.531
004,incongruent,Y,0.655
004,neutral,Y,0.616
004,neutral,Y,0.722
004,incongruent,Y,0.769
004,neutral,Y,0.728
004,incongruent,Y,0.658
004,incongruent,Y,0.515
004,congruent,Y,0.621
004,neutral,Y,0.639
004,congruent,Y,0.601
004,neutral,Y,0.71
004,incongruent,Y,0.665
004,neutral,Y,0.653
004,neutral,Y,0.545
004,neutral,Y,0.739
004,neutral,Y,0.674
004,incongruent,N,0.852
004,incongruent,Y,0.883
004,congruent,Y,0.765
004,congruent,Y,0.48
004,incongruent,Y,0.717
004,congruent,Y,0.673
004,neutral,Y,0.632
004,congruent,Y,0.553
004,neutral,Y,0.649
004,neutral,Y,0.588
004,neutral,Y,0.555
004,congruent,Y,0.536
004,neutral,Y,0.496
004,incongruent,Y,0.748
004,incongruent,Y,0.817
004,congruent,Y,0.71
004,incongruent,Y,0.664
004,congruent,Y,0.627
004,neutral,Y,0.655
004,neutral,Y,0.694
004,congruent,Y,0.643
004,congruent,Y,0.632
004,congruent,Y,0.449
004,neutral,Y,0.555
004,incongruent,Y,0.821
004,neutral,Y,0.533
004,congruent,Y,0.722
004,congruent,Y,0.631
004,neutral,Y,0.704
004,neutral,Y,0.618
004,neutral,Y,0.61
004,incongruent,Y,0.642
004,congruent,Y,0.551
004,congruent,Y,0.557
004,neutral,Y,0.604
004,incongruent,Y,0.648
004,incongruent,Y,1.192
004,neutral,Y,0.759
004,neutral,Y,0.812
004,congruent,Y,0.648
004,incongruent,Y,1.091
004,incongruent,Y,0.971
004,incongruent,Y,0.912
004,congruent,Y,0.561
004,neutral,Y,0.76
004,neutral,Y,0.492
004,congruent,Y,0.612
004,congruent,Y,0.692
004,congruent,Y,0.61
004,congruent,Y,0.679
004,incongruent,N,0.83
004,neutral,Y,0.642
004,incongruent,Y,1.233
004,congruent,Y,0.724
004,neutral,Y,0.89
004,congruent,Y,0.739
004,congruent,Y,0.705
004,congruent,Y,0.591
004,congruent,Y,0.934
004,incongruent,Y,0.775
004,incongruent,Y,0.862
004,congruent,Y,0.718
004,congruent,Y,0.686
004,neutral,Y,0.83
004,congruent,Y,0.747
004,incongruent,Y,0.619
004,congruent,Y,0.681
004,congruent,Y,0.569
004,neutral,Y,0.675
004,neutral,Y,0.638
004,congruent,Y,0.629
004,neutral,Y,0.668
004,incongruent,Y,1.042
004,neutral,Y,0.558
004,neutral,Y,0.755
004,incongruent,Y,0.975
004,neutral,Y,0.704
004,congruent,Y,0.706
004,neutral,Y,0.797
004,neutral,Y,0.737
004,neutral,Y,0.724
004,congruent,Y,0.655
004,incongruent,Y,0.974
004,neutral,Y,0.661
004,congruent,Y,0.577
004,incongruent,Y,0.99
004,congruent,Y,0.827
005,incongruent,Y,0.632
005,congruent,Y,0.561
005,neutral,Y,0.787
005,congruent,Y,0.76
005,incongruent,Y,0.861
005,neutral,Y,0.533
005,congruent,Y,0.546
005,neutral,Y,0.482
005,congruent,Y,0.522
005,congruent,Y,0.586
005,neutral,Y,0.45
005,congruent,Y,0.509
005,congruent,Y,0.601
005,congruent,Y,0.503
005,incongruent,Y,0.895
005,incongruent,Y,0.704
005,neutral,Y,0.732
005,neutral,Y,0.501
005,congruent,Y,0.591
005,neutral,Y,0.472
005,neutral,Y,0.496
005,neutral,Y,0.478
005,neutral,Y,0.602
005,neutral,Y,0.601
005,incongruent,Y,0.593
005,congruent,Y,0.547
005,neutral,N,0.526
005,incongruent,Y,0.527
005,congruent,Y,0.793
005,incongruent,Y,0.52
005,incongruent,Y,0.818
005,congruent,Y,0.637
005,neutral,Y,0.714
005,congruent,Y,0.683
005,incongruent,Y,0.929
005,incongruent,Y,0.85
005,neutral,Y,0.538
005,incongruent,Y,0.66
005,congruent,Y,0.487
005,congruent,Y,0.854
005,congruent,Y,0.485
005,incongruent,Y,0.643
005,neutral,Y,1.086
005,congruent,Y,0.684
005,congruent,Y,0.708
005,neutral,Y,0.622
005,incongruent,Y,0.616
005,congruent,Y,0.72
005,neutral,Y,0.699
005,incongruent,Y,0.958
005,congruent,Y,0.699
005,congruent,N,0
005,congruent,Y,0.872
005,incongruent,Y,1.141
005,incongruent,Y,0.807
005,incongruent,Y,0.651
005,incongruent,Y,0.739
005,incongruent,Y,0.82
005,congruent,Y,0.594
005,incongruent,Y,0.612
005,congruent,Y,0.671
005,incongruent,N,0.649
005,incongruent,Y,0.726
005,congruent,Y,0.588
005,incongruent,Y,0.747
005,congruent,Y,0.584
005,incongruent,Y,0.74
005,incongruent,Y,0.549
005,congruent,Y,0.612
005,congruent,Y,0.516
005,incongruent,Y,0.603
005,neutral,Y,0.609
005,neutral,Y,0.788
005,congruent,Y,0.577
005,congruent,Y,0.916
005,neutral,Y,0.885
005,neutral,Y,0.597
005,incongruent,N,0.566
005,incongruent,Y,0.63
005,congruent,Y,0.922
005,neutral,Y,0.517
005,congruent,Y,0.484
005,neutral,Y,0.705
005,incongruent,Y,0.912
005,neutral,Y,0.793
005,neutral,Y,0.9
005,congruent,Y,0.645
005,incongruent,Y,0.605
005,incongruent,Y,1.037
005,neutral,Y,0.706
005,congruent,Y,0.567
005,neutral,Y,0.673
005,incongruent,Y,0.587
005,congruent,Y,0.541
005,congruent,Y,0.648
005,neutral,Y,0.587
005,incongruent,Y,0.579
005,congruent,Y,0.536
005,neutral,Y,0.706
005,neutral,Y,0.642
005,neutral,Y,0.625
005,congruent,Y,0.827
005,neutral,Y,0.749
005,neutral,Y,0.675
005,incongruent,Y,0.641
005,neutral,Y,1.063
005,neutral,Y,0.614
005,congruent,Y,0.593
005,congruent,Y,0.637
005,neutral,Y,0.621
005,neutral,N,0
005,incongruent,Y,0.941
005,incongruent,Y,0.865
005,congruent,Y,0.837
005,neutral,Y,0.683
005,congruent,Y,0.64
005,neutral,Y,0.608
005,neutral,Y,0.551
005,neutral,Y,0.765
005,neutral,Y,0.559
006,incongruent,Y,0.729
006,congruent,Y,0.614
006,incongruent,Y,0.77
006,congruent,Y,0.936
006,neutral,Y,0.689
006,neutral,Y,0.612
006,congruent,Y,0.71
006,neutral,Y,0.474
006,congruent,Y,0.522
006,neutral,Y,0.828
006,incongruent,Y,0.807
006,neutral,Y,0.573
006,neutral,Y,0.531
006,incongruent,Y,0.567
006,incongruent,Y,0.791
006,incongruent,Y,0.625
006,incongruent,Y,0.908
006,neutral,Y,0.761
006,incongruent,Y,0.616
006,congruent,Y,0.882
006,congruent,Y,0.547
006,congruent,Y,0.621
006,incongruent,Y,0.733
006,incongruent,Y,0.698
006,incongruent,Y,0.717
006,incongruent,Y,0.728
006,congruent,Y,0.622
006,neutral,Y,0.602
006,congruent,Y,0.636
006,neutral,Y,0.555
006,incongruent,Y,0.611
006,incongruent,N,0.64
006,congruent,N,0.559
006,congruent,Y,0.753
006,incongruent,Y,0.697
006,incongruent,Y,0.856
006,incongruent,Y,1.003
006,neutral,Y,0.697
006,congruent,Y,0.916
006,neutral,Y,0.69
006,congruent,Y,0.655
006,congruent,Y,0.739
006,congruent,Y,0.588
006,congruent,Y,0.68
006,neutral,Y,0.609
006,congruent,Y,0.57
006,congruent,Y,0.593
006,neutral,Y,0.739
006,neutral,Y,0.661
006,incongruent,Y,0.505
006,incongruent,Y,0.648
006,congruent,Y,0.672
006,congruent,Y,0.935
006,neutral,Y,0.789
006,neutral,Y,0.913
006,congruent,Y,0.602
006,neutral,Y,0.711
006,incongruent,Y,0.91
006,neutral,N,0.787
006,incongruent,Y,0.641
006,congruent,Y,0.725
006,neutral,Y,0.95
006,congruent,Y,0.839
006,neutral,Y,0.718
006,congruent,Y,0.569
006,neutral,Y,0.821
006,congruent,Y,0.737
006,neutral,Y,0.745
006,incongruent,Y,0.638
006,neutral,Y,0.769
006,neutral,Y,0.806
006,congruent,Y,0.674
006,neutral,Y,0.765
006,incongruent,Y,0.882
006,neutral,Y,0.717
006,neutral,Y,0.88
006,incongruent,Y,0.687
006,congruent,Y,0.662
006,congruent,Y,0.711
006,congruent,Y,0.623
006,neutral,Y,0.664
006,incongruent,Y,0.668
006,incongruent,Y,0.744
006,congruent,Y,0.698
006,congruent,Y,0.654
006,neutral,Y,0.818
006,neutral,Y,0.784
006,congruent,Y,0.839
006,incongruent,N,0.813
006,congruent,Y,0.87
006,congruent,Y,0.685
006,neutral,Y,1.228
006,incongruent,Y,0.709
006,incongruent,Y,0.755
006,incongruent,Y,1.539
006,incongruent,Y,0.66
006,congruent,Y,0.633
006,neutral,Y,0.677
006,incongruent,Y,0.648
006,congruent,Y,0.759
006,incongruent,Y,1.026
006,congruent,Y,0.86
006,congruent,Y,0.706
006,incongruent,Y,1.073
006,congruent,N,1.209
006,neutral,Y,0.873
006,incongruent,Y,0.772
006,congruent,Y,0.804
006,neutral,Y,0.758
006,neutral,Y,0.562
006,neutral,Y,1.006
006,neutral,Y,0.812
006,neutral,Y,0.679
006,congruent,Y,0.748
006,neutral,Y,0.739
006,incongruent,Y,0.846
006,congruent,Y,0.539
006,neutral,Y,1.125
006,neutral,Y,0.967
007,congruent,Y,0.582
007,neutral,Y,0.48
007,neutral,Y,0.542
007,neutral,Y,0.484
007,congruent,Y,0.528
007,neutral,Y,0.567
007,neutral,Y,0.608
007,congruent,Y,0.602
007,incongruent,N,0.561
007,congruent,Y,0.525
007,congruent,Y,0.582
007,incongruent,N,0.646
007,neutral,Y,1.046
007,congruent,Y,0.708
007,incongruent,Y,0.714
007,congruent,Y,0.744
007,congruent,Y,0.591
007,neutral,Y,0.637
007,neutral,Y,0.901
007,incongruent,Y,0.745
007,incongruent,Y,0.732
007,incongruent,Y,1.166
007,neutral,Y,0.478
007,incongruent,Y,0.702
007,incongruent,Y,0.651
007,congruent,Y,0.577
007,incongruent,Y,0.794
007,congruent,Y,0.668
007,congruent,Y,0.429
007,neutral,Y,0.593
007,incongruent,Y,0.513
007,neutral,Y,0.635
007,neutral,Y,0.648
007,neutral,Y,0.674
007,congruent,Y,0.646
007,congruent,Y,0.607
007,neutral,Y,0.629
007,congruent,Y,0.652
007,neutral,Y,0.567
007,neutral,N,0
007,incongruent,N,0.675
007,congruent,Y,0.655
007,neutral,Y,0.607
007,congruent,Y,0.543
007,congruent,Y,0.582
007,congruent,Y,0.714
007,congruent,Y,0.545
007,congruent,Y,0.577
007,congruent,Y,0.561
007,incongruent,Y,0.669
007,congruent,Y,0.684
007,neutral,Y,0.627
007,neutral,Y,0.728
007,neutral,Y,0.895
007,congruent,Y,0.594
007,incongruent,Y,1.027
007,incongruent,Y,0.452
007,neutral,Y,0.657
007,congruent,Y,0.581
007,neutral,Y,0.462
007,neutral,Y,0.653
007,neutral,Y,0.599
007,neutral,N,0.556
007,congruent,Y,0.625
007,congruent,Y,0.567
007,neutral,Y,0.698
007,congruent,Y,0.649
007,incongruent,N,0.608
007,incongruent,Y,0.724
007,congruent,Y,0.543
007,neutral,Y,0.56
007,congruent,Y,0.524
007,neutral,Y,0.569
007,incongruent,Y,0.491
007,neutral,Y,0.522
007,incongruent,Y,0.806
007,incongruent,Y,0.698
007,neutral,Y,0.977
007,congruent,Y,0.583
007,incongruent,N,0
007,neutral,Y,0.776
007,congruent,Y,0.733
007,incongruent,Y,0.976
007,incongruent,N,1.04
007,congruent,Y,0.716
007,neutral,Y,0.668
007,incongruent,Y,0.857
007,congruent,Y,0.579
007,neutral,Y,0.723
007,incongruent,Y,0.654
007,neutral,Y,0.668
007,congruent,Y,0.587
007,incongruent,Y,1.127
007,congruent,Y,0.622
007,incongruent,Y,0.825
007,neutral,Y,0.722
007,neutral,Y,0.673
007,congruent,Y,1.049
007,congruent,Y,0.563
007,incongruent,N,0.767
007,neutral,Y,0.548
007,incongruent,Y,1.002
007,neutral,Y,0.668
007,incongruent,Y,0.755
007,incongruent,Y,0.845
007,incongruent,Y,0.774
007,congruent,Y,0.448
007,incongruent,Y,0.765
007,neutral,Y,0.636
007,neutral,Y,0.515
007,incongruent,N,0.807
007,neutral,Y,0.596
007,congruent,Y,0.608
007,neutral,Y,0.587
007,congruent,Y,0.595
007,incongruent,Y,0.744
007,incongruent,Y,0.878
007,congruent,Y,0.625
007,incongruent,Y,0.849
007,congruent,Y,0.57
008,neutral,N,1.07
008,congruent,Y,0.763
008,incongruent,N,1.222
008,incongruent,Y,0.826
008,congruent,Y,1.018
008,incongruent,Y,0.789
008,incongruent,Y,0.826
008,neutral,Y,0.842
008,neutral,Y,0.869
008,neutral,Y,0.586
008,congruent,Y,0.58
008,neutral,Y,0.547
008,congruent,Y,0.633
008,incongruent,Y,0.613
008,neutral,Y,0.782
008,congruent,Y,0.704
008,incongruent,N,0.79
008,congruent,Y,0.698
008,neutral,N,0.867
008,incongruent,Y,0.82
008,incongruent,Y,0.885
008,congruent,Y,0.729
008,incongruent,Y,0.713
008,congruent,Y,0.822
008,neutral,Y,0.841
008,incongruent,N,0.785
008,neutral,Y,0.923
008,congruent,Y,0.647
008,incongruent,Y,0.984
008,congruent,Y,0.77
008,congruent,Y,0.884
008,neutral,Y,0.633
008,neutral,Y,0.725
008,neutral,Y,0.652
008,incongruent,Y,0.811
008,neutral,N,0.796
008,congruent,Y,0.82
008,congruent,Y,0.894
008,incongruent,Y,0.907
008,congruent,Y,0.638
008,congruent,Y,0.819
008,neutral,Y,0.832
008,congruent,Y,0.876
008,neutral,Y,0.99
008,neutral,N,0.873
008,incongruent,Y,0.804
008,congruent,Y,0.695
008,congruent,Y,0.839
008,neutral,Y,1.003
008,incongruent,Y,0.822
008,incongruent,Y,0.931
008,incongruent,N,0.885
008,incongruent,Y,0.949
008,neutral,Y,0.668
008,incongruent,Y,0.732
008,congruent,N,0.817
008,congruent,Y,0.82
008,incongruent,Y,0.911
008,congruent,Y,0.75
008,incongruent,Y,0.884
008,neutral,Y,0.665
008,neutral,N,0.722
008,neutral,N,0.791
008,congruent,Y,0.932
008,neutral,Y,0.851
008,neutral,Y,0.763
008,incongruent,Y,0.809
008,congruent,Y,1.027
008,neutral,Y,0.841
008,neutral,Y,0.865
008,incongruent,Y,0.838
008,incongruent,Y,0.858
008,neutral,Y,0.727
008,neutral,Y,0.683
008,neutral,Y,0.677
008,congruent,Y,0.851
008,congruent,Y,0.81
008,neutral,Y,0.952
008,incongruent,Y,1.587
008,neutral,Y,0.645
008,neutral,N,1.007
008,neutral,Y,0.741
008,congruent,N,1.026
008,incongruent,N,0.894
008,neutral,N,1.127
008,incongruent,Y,0.758
008,incongruent,N,1.131
008,congruent,Y,0.737
008,incongruent,N,1.113
008,congruent,Y,0.677
008,incongruent,Y,0.698
008,neutral,Y,0.837
008,congruent,N,0.646
008,neutral,N,0.834
008,congruent,N,1.055
008,neutral,Y,0.743
008,congruent,Y,0.899
008,congruent,Y,0.745
008,neutral,Y,0.898
008,congruent,Y,0.847
008,neutral,Y,0.701
008,incongruent,Y,0.678
008,congruent,Y,0.894
008,congruent,Y,0.765
008,congruent,N,0.876
008,congruent,Y,0.986
008,incongruent,Y,0.778
008,incongruent,Y,0.888
008,congruent,Y,0.767
008,congruent,Y,0.924
008,neutral,Y,1.143
008,incongruent,Y,0.745
008,congruent,Y,0.697
008,congruent,N,0.991
008,neutral,Y,0.78
008,neutral,Y,0.714
008,neutral,Y,0.739
008,incongruent,Y,1.066
008,congruent,Y,0.89
009,neutral,Y,0.606
009,congruent,Y,0.56
009,neutral,Y,0.632
009,neutral,Y,0.716
009,neutral,Y,0.927
009,neutral,Y,0.679
009,incongruent,N,1.03
009,incongruent,Y,0.956
009,neutral,Y,0.733
009,incongruent,N,1.132
009,neutral,Y,0.763
009,congruent,Y,0.872
009,incongruent,Y,0.744
009,congruent,Y,0.683
009,congruent,Y,0.739
009,incongruent,Y,0.807
009,neutral,Y,0.748
009,neutral,Y,0.607
009,incongruent,Y,0.856
009,neutral,N,0.785
009,congruent,Y,1.087
009,neutral,Y,0.721
009,congruent,Y,0.519
009,incongruent,Y,0.657
009,congruent,Y,0.638
009,neutral,Y,0.583
009,congruent,N,0.567
009,congruent,Y,0.699
009,congruent,Y,1.169
009,congruent,Y,0.602
009,neutral,Y,0.78
009,congruent,Y,0.736
009,neutral,Y,0.788
009,congruent,Y,0.644
009,incongruent,Y,0.777
009,neutral,Y,0.768
009,congruent,Y,0.557
009,congruent,Y,0.608
009,neutral,Y,0.817
009,incongruent,Y,0.825
009,congruent,N,0.871
009,congruent,Y,0.925
009,congruent,Y,0.833
009,incongruent,Y,0.844
009,neutral,N,0.671
009,incongruent,Y,0.787
009,congruent,Y,0.723
009,neutral,Y,0.716
009,neutral,N,0.78
009,congruent,Y,0.726
009,congruent,Y,1.099
009,congruent,Y,0.678
009,congruent,Y,0.746
009,incongruent,N,0.785
009,incongruent,N,1.334
009,incongruent,Y,1.137
009,incongruent,Y,0.803
009,incongruent,Y,0.69
009,incongruent,Y,0.774
009,congruent,Y,0.755
009,congruent,Y,0.754
009,neutral,Y,0.897
009,incongruent,Y,0.764
009,neutral,Y,0.527
009,incongruent,Y,0.813
009,neutral,Y,0.872
009,incongruent,Y,0.774
009,neutral,Y,0.773
009,congruent,Y,1.088
009,congruent,Y,0.566
009,neutral,Y,0.62
009,congruent,Y,0.679
009,incongruent,Y,1.142
009,incongruent,Y,0.905
009,neutral,Y,0.911
009,congruent,Y,0.653
009,incongruent,Y,0.717
009,congruent,Y,0.768
009,incongruent,Y,0.645
009,neutral,Y,0.619
009,neutral,Y,0.793
009,neutral,N,0.522
009,neutral,Y,1.026
009,congruent,Y,0.645
009,congruent,Y,0.605
009,neutral,Y,0.869
009,incongruent,Y,0.61
009,neutral,Y,0.599
009,congruent,Y,0.618
009,incongruent,N,0.624
009,congruent,Y,1.494
009,neutral,Y,0.693
009,incongruent,Y,0.772
009,congruent,Y,0.709
009,incongruent,Y,0.627
009,neutral,N,0.97
009,congruent,Y,1.141
009,congruent,Y,0.646
009,neutral,Y,0.865
009,incongruent,N,1.154
009,congruent,Y,0.771
009,neutral,Y,0.713
009,incongruent,Y,0.656
009,congruent,Y,0.78
009,congruent,Y,0.7
009,neutral,Y,0.659
009,incongruent,Y,0.878
009,neutral,Y,0.652
009,neutral,N,0.724
009,congruent,Y,0.646
009,neutral,Y,0.606
009,congruent,Y,0.578
009,incongruent,Y,1.242
009,incongruent,N,1.003
009,incongruent,Y,0.682
009,neutral,Y,0.774
009,incongruent,N,0.79
009,neutral,Y,0.659
009,incongruent,Y,0.695
009,neutral,Y,0.85
010,incongruent,Y,0.991
010,neutral,N,0.843
010,incongruent,Y,0.552
010,congruent,Y,0.657
010,neutral,Y,0.741
010,neutral,Y,0.85
010,incongruent,Y,0.583
010,congruent,Y,0.68
010,congruent,Y,0.784
010,neutral,Y,0.592
010,neutral,Y,0.74
010,congruent,Y,0.744
010,congruent,Y,0.834
010,congruent,Y,0.552
010,neutral,Y,0.706
010,neutral,N,0.76
010,incongruent,Y,0.697
010,congruent,Y,0.506
010,congruent,Y,0.522
010,congruent,Y,0.706
010,congruent,Y,0.745
010,congruent,Y,0.611
010,congruent,Y,0.718
010,incongruent,Y,0.782
010,congruent,Y,0.728
010,congruent,Y,0.712
010,neutral,Y,0.643
010,incongruent,Y,0.972
010,congruent,Y,0.596
010,neutral,Y,0.87
010,incongruent,Y,0.634
010,congruent,Y,0.638
010,congruent,Y,0.774
010,neutral,Y,0.662
010,congruent,Y,0.688
010,incongruent,Y,0.857
010,neutral,Y,0.71
010,incongruent,Y,0.919
010,neutral,Y,0.747
010,neutral,Y,0.826
010,incongruent,Y,0.702
010,neutral,Y,0.664
010,incongruent,Y,0.683
010,incongruent,Y,0.956
010,incongruent,Y,0.941
010,incongruent,Y,0.87
010,neutral,Y,0.824
010,incongruent,Y,0.568
010,neutral,Y,0.672
010,incongruent,Y,0.674
010,neutral,Y,0.815
010,neutral,Y,0.684
010,neutral,Y,0.738
010,neutral,Y,0.663
010,neutral,Y,1.009
010,congruent,Y,0.869
010,incongruent,Y,0.718
010,neutral,Y,0.664
010,neutral,Y,0.744
010,congruent,Y,0.695
010,congruent,Y,0.702
010,congruent,Y,0.697
010,neutral,Y,0.634
010,incongruent,Y,0.62
010,neutral,Y,0.88
010,neutral,Y,0.742
010,neutral,Y,0.614
010,incongruent,N,0.812
010,congruent,Y,0.707
010,congruent,Y,0.681
010,neutral,Y,0.731
010,neutral,Y,0.743
010,congruent,Y,0.704
010,incongruent,N,0.902
010,incongruent,Y,0.727
010,congruent,Y,0.647
010,congruent,Y,0.781
010,incongruent,Y,0.99
010,neutral,Y,0.732
010,congruent,Y,0.663
010,neutral,Y,0.637
010,neutral,Y,0.633
010,incongruent,Y,0.594
010,congruent,Y,0.554
010,neutral,Y,0.804
010,neutral,Y,0.578
010,neutral,Y,0.682
010,incongruent,Y,0.654
010,incongruent,Y,0.666
010,congruent,Y,0.745
010,neutral,Y,0.615
010,incongruent,Y,0.768
010,neutral,Y,0.781
010,congruent,Y,0.722
010,neutral,Y,0.836
010,incongruent,Y,0.695
010,congruent,Y,0.689
010,neutral,Y,0.941
010,congruent,Y,0.7
010,congruent,Y,0.785
010,congruent,Y,0.704
010,congruent,Y,0.936
010,incongruent,Y,0.831
010,neutral,N,0
010,incongruent,N,0.876
010,congruent,Y,0.713
010,neutral,Y,0.732
010,incongruent,Y,0.915
010,congruent,Y,0.724
010,incongruent,Y,1.173
010,congruent,Y,0.714
010,incongruent,Y,0.749
010,neutral,Y,0.695
010,congruent,Y,0.746
010,incongruent,Y,0.793
010,congruent,Y,0.724
010,incongruent,Y,0.727
010,incongruent,Y,0.705
010,incongruent,Y,0.864
011,incongruent,N,0.554
011,congruent,Y,0.543
011,neutral,Y,0.619
011,incongruent,N,0.667
011,incongruent,Y,0.961
011,neutral,Y,0.618
011,congruent,Y,0.859
011,neutral,Y,0.655
011,incongruent,Y,0.688
011,incongruent,Y,0.545
011,neutral,Y,0.711
011,incongruent,Y,0.572
011,congruent,Y,0.896
011,incongruent,Y,0.595
011,neutral,Y,0.841
011,congruent,Y,0.699
011,congruent,Y,0.698
011,neutral,Y,0.599
011,neutral,Y,0.761
011,neutral,Y,0.552
011,incongruent,Y,0.795
011,congruent,N,0.719
011,congruent,Y,0.603
011,congruent,Y,0.572
011,incongruent,Y,0.974
011,neutral,Y,0.575
011,incongruent,Y,0.569
011,congruent,Y,0.663
011,incongruent,Y,0.517
011,neutral,Y,0.534
011,neutral,N,0.748
011,neutral,Y,0.71
011,congruent,Y,0.506
011,congruent,Y,0.523
011,neutral,Y,0.602
011,incongruent,Y,0.706
011,incongruent,Y,0.534
011,neutral,Y,0.693
011,neutral,Y,0.504
011,congruent,Y,0.541
011,neutral,Y,0.581
011,neutral,Y,0.518
011,incongruent,N,0.513
011,incongruent,Y,0.619
011,incongruent,Y,0.643
011,congruent,N,0.459
011,congruent,Y,0.62
011,neutral,Y,0.649
011,congruent,Y,0.543
011,neutral,N,0
011,incongruent,Y,0.544
011,neutral,Y,0.771
011,congruent,Y,0.833
011,neutral,Y,0.64
011,incongruent,N,0.816
011,congruent,Y,0.528
011,congruent,Y,0.628
011,congruent,Y,0.593
011,incongruent,Y,0.685
011,neutral,Y,0.669
011,incongruent,Y,0.683
011,incongruent,Y,0.964
011,congruent,Y,0.625
011,neutral,Y,0.534
011,neutral,Y,0.646
011,incongruent,Y,0.857
011,neutral,Y,0.724
011,congruent,Y,0.676
011,incongruent,Y,0.973
011,incongruent,Y,0.624
011,congruent,Y,0.596
011,congruent,Y,0.78
011,congruent,Y,0.622
011,neutral,Y,0.911
011,congruent,Y,0.825
011,neutral,Y,0.658
011,neutral,Y,0.577
011,incongruent,Y,0.522
011,congruent,Y,0.543
011,neutral,Y,0.615
011,congruent,Y,0.556
011,incongruent,Y,0.585
011,neutral,Y,0.61
011,congruent,Y,0.616
011,neutral,Y,0.597
011,neutral,Y,0.713
011,congruent,Y,1.05
011,congruent,Y,0.576
011,neutral,Y,0.554
011,congruent,Y,0.6
011,neutral,Y,0.599
011,incongruent,Y,0.752
011,incongruent,Y,0.555
011,congruent,Y,0.933
011,neutral,Y,0.657
011,congruent,Y,0.648
011,congruent,Y,0.727
011,neutral,Y,0.544
011,congruent,Y,0.535
011,congruent,Y,0.6
011,incongruent,Y,0.806
011,neutral,Y,0.623
011,neutral,N,0.787
011,neutral,Y,0.812
011,incongruent,Y,0.509
011,congruent,Y,0.531
011,neutral,Y,0.75
011,congruent,Y,0.898
011,incongruent,Y,0.619
011,incongruent,Y,0.541
011,incongruent,Y,0.827
011,incongruent,Y,0.675
011,congruent,Y,0.489
011,congruent,Y,1.003
011,incongruent,Y,0.724
011,neutral,Y,0.94
011,congruent,Y,0.656
011,neutral,Y,0.72
011,congruent,Y,0.597
011,incongruent,Y,0.631
012,incongruent,Y,1.288
012,congruent,Y,0.702
012,neutral,Y,0.728
012,neutral,Y,0.807
012,congruent,Y,0.681
012,congruent,Y,0.557
012,incongruent,Y,0.934
012,neutral,Y,0.879
012,congruent,Y,0.716
012,neutral,Y,0.725
012,neutral,Y,0.841
012,incongruent,Y,0.803
012,neutral,N,0.619
012,neutral,Y,0.731
012,neutral,Y,0.652
012,incongruent,N,0.972
012,incongruent,Y,0.943
012,incongruent,Y,0.912
012,incongruent,Y,0.788
012,neutral,Y,0.812
012,neutral,Y,0.898
012,congruent,Y,0.761
012,incongruent,Y,0.938
012,neutral,Y,1.062
012,incongruent,N,1.06
012,neutral,Y,0.781
012,congruent,Y,0.695
012,congruent,Y,0.772
012,neutral,Y,0.824
012,neutral,Y,1.168
012,incongruent,Y,0.757
012,incongruent,Y,0.891
012,congruent,Y,0.775
012,incongruent,Y,0.854
012,congruent,N,0
012,incongruent,Y,1.213
012,congruent,Y,1.036
012,congruent,Y,0.777
012,congruent,Y,0.663
012,congruent,Y,0.769
012,incongruent,Y,0.726
012,congruent,Y,0.98
012,neutral,Y,0.717
012,incongruent,Y,0.946
012,incongruent,Y,0.757
012,incongruent,Y,0.651
012,neutral,Y,0.732
012,neutral,Y,0.829
012,neutral,Y,0.845
012,neutral,Y,0.662
012,incongruent,Y,0.651
012,congruent,Y,0.798
012,incongruent,Y,0.742
012,incongruent,Y,0.799
012,incongruent,Y,0.855
012,congruent,Y,1.001
012,incongruent,Y,0.892
012,congruent,Y,0.897
012,neutral,Y,0.716
012,neutral,Y,0.638
012,incongruent,Y,1.037
012,neutral,Y,0.722
012,incongruent,Y,0.888
012,neutral,Y,1.384
012,congruent,Y,0.785
012,congruent,Y,0.894
012,congruent,Y,0.902
012,neutral,Y,0.928
012,incongruent,Y,0.82
012,congruent,Y,0.712
012,incongruent,Y,0.755
012,incongruent,Y,0.726
012,neutral,Y,0.883
012,neutral,Y,1.016
012,congruent,Y,0.857
012,congruent,Y,0.568
012,congruent,Y,0.9
012,congruent,Y,0.927
012,incongruent,Y,0.823
012,neutral,N,0.822
012,congruent,Y,0.674
012,congruent,Y,1.015
012,neutral,Y,1.797
012,congruent,Y,0.738
012,incongruent,Y,0.722
012,congruent,Y,0.681
012,neutral,Y,0.86
012,congruent,Y,0.741
012,incongruent,Y,1.026
012,congruent,Y,0.922
012,neutral,Y,0.909
012,neutral,Y,0.971
012,neutral,Y,0.953
012,congruent,Y,0.674
012,neutral,Y,0.988
012,neutral,Y,0.895
012,neutral,N,0.8
012,congruent,Y,0.679
012,neutral,N,0
012,neutral,Y,0.671
012,congruent,Y,0.62
012,neutral,Y,1.76
012,congruent,Y,0.722
012,incongruent,Y,0.981
012,congruent,Y,0.804
012,incongruent,Y,0.843
012,incongruent,Y,1.007
012,incongruent,Y,1.742
012,congruent,Y,1.64
012,neutral,Y,0.777
012,congruent,Y,0.666
012,incongruent,Y,0.922
012,incongruent,Y,0.769
012,neutral,Y,1.098
012,congruent,Y,0.684
012,congruent,Y,1.112
012,congruent,Y,0.621
012,congruent,Y,0.795
012,neutral,Y,0.98
013,congruent,N,0.699
013,congruent,Y,0.72
013,neutral,Y,0.649
013,incongruent,Y,0.533
013,neutral,Y,0.73
013,neutral,Y,0.767
013,neutral,Y,0.736
013,congruent,Y,0.567
013,congruent,Y,0.596
013,neutral,Y,0.551
013,neutral,Y,0.615
013,neutral,Y,0.635
013,congruent,Y,0.574
013,neutral,Y,0.761
013,incongruent,Y,0.61
013,incongruent,Y,0.721
013,congruent,Y,0.62
013,congruent,Y,0.734
013,neutral,Y,0.802
013,neutral,Y,0.649
013,congruent,Y,0.608
013,neutral,Y,0.747
013,neutral,Y,0.786
013,incongruent,Y,0.65
013,neutral,Y,0.679
013,incongruent,Y,0.665
013,congruent,Y,0.71
013,neutral,Y,0.84
013,congruent,Y,0.744
013,neutral,Y,0.916
013,neutral,Y,0.735
013,congruent,Y,0.61
013,incongruent,Y,0.833
013,neutral,Y,0.787
013,incongruent,N,0.741
013,congruent,Y,0.818
013,congruent,Y,0.832
013,incongruent,Y,0.831
013,neutral,Y,0.645
013,neutral,Y,0.719
013,incongruent,Y,0.675
013,incongruent,Y,1.144
013,neutral,Y,0.646
013,neutral,Y,0.789
013,congruent,Y,0.645
013,neutral,N,0
013,incongruent,N,0.699
013,congruent,Y,0.583
013,congruent,Y,0.851
013,congruent,Y,0.67
013,congruent,Y,0.649
013,congruent,Y,0.776
013,neutral,Y,0.805
013,congruent,Y,0.608
013,neutral,Y,1.054
013,congruent,Y,0.523
013,incongruent,Y,1.067
013,neutral,Y,0.674
013,congruent,Y,0.684
013,congruent,Y,0.777
013,congruent,Y,0.566
013,incongruent,Y,0.741
013,incongruent,N,0.663
013,incongruent,Y,0.898
013,congruent,Y,0.565
013,incongruent,Y,0.646
013,congruent,Y,0.803
013,incongruent,N,0.703
013,neutral,Y,0.667
013,neutral,Y,0.764
013,incongruent,Y,0.666
013,incongruent,N,1.085
013,incongruent,Y,1.128
013,neutral,Y,0.751
013,incongruent,Y,0.808
013,incongruent,Y,0.977
013,neutral,Y,0.993
013,neutral,Y,0.917
013,incongruent,Y,1.004
013,neutral,Y,0.898
013,neutral,Y,0.642
013,congruent,Y,0.554
013,neutral,Y,0.811
013,congruent,Y,0.542
013,congruent,Y,0.725
013,neutral,Y,0.994
013,congruent,Y,0.803
013,congruent,Y,1.057
013,incongruent,Y,1.187
013,incongruent,Y,1.007
013,incongruent,Y,1.056
013,congruent,Y,0.928
013,incongruent,Y,0.657
013,congruent,Y,1.433
013,congruent,Y,0.63
013,congruent,Y,0.784
013,incongruent,N,0.973
013,congruent,Y,0.904
013,neutral,N,0
013,neutral,Y,0.783
013,incongruent,Y,0.759
013,congruent,Y,0.769
013,neutral,N,0
013,incongruent,Y,0.621
013,congruent,Y,0.558
013,neutral,Y,0.992
013,congruent,Y,0.601
013,incongruent,Y,0.696
013,neutral,N,1.048
013,congruent,Y,0.807
013,incongruent,Y,0.776
013,neutral,Y,1.121
013,congruent,N,0.795
013,neutral,N,0
013,congruent,Y,0.718
013,incongruent,Y,0.942
013,incongruent,Y,0.941
013,incongruent,Y,1.067
013,neutral,Y,0.656
014,congruent,Y,0.775
014,congruent,Y,0.757
014,neutral,Y,0.738
014,incongruent,Y,0.715
014,neutral,Y,0.598
014,congruent,Y,0.537
014,neutral,N,0.805
014,incongruent,Y,0.576
014,congruent,Y,0.781
014,incongruent,Y,0.677
014,incongruent,Y,0.871
014,neutral,Y,0.725
014,incongruent,Y,0.936
014,neutral,Y,0.766
014,incongruent,Y,0.732
014,neutral,Y,0.914
014,congruent,Y,0.675
014,congruent,Y,0.59
014,neutral,Y,0.689
014,neutral,Y,0.711
014,incongruent,Y,0.709
014,incongruent,Y,0.828
014,neutral,Y,0.627
014,incongruent,Y,0.76
014,neutral,Y,0.756
014,incongruent,Y,0.643
014,congruent,Y,0.654
014,neutral,Y,0.655
014,congruent,Y,0.537
014,incongruent,Y,0.664
014,congruent,Y,0.68
014,neutral,Y,0.762
014,incongruent,Y,0.728
014,incongruent,Y,0.672
014,congruent,Y,0.593
014,congruent,Y,0.645
014,congruent,Y,0.625
014,neutral,Y,0.689
014,congruent,Y,0.653
014,incongruent,N,0.694
014,neutral,Y,0.733
014,neutral,Y,0.713
014,incongruent,Y,0.947
014,incongruent,N,0.651
014,incongruent,Y,1.004
014,incongruent,Y,1.243
014,incongruent,Y,0.894
014,congruent,Y,0.675
014,incongruent,Y,0.759
014,neutral,Y,0.723
014,congruent,Y,0.712
014,neutral,Y,0.638
014,neutral,Y,0.634
014,congruent,Y,0.718
014,neutral,Y,0.56
014,incongruent,Y,0.472
014,congruent,Y,0.651
014,neutral,Y,0.567
014,incongruent,Y,0.725
014,congruent,Y,1.018
014,neutral,Y,0.892
014,neutral,Y,0.676
014,incongruent,Y,0.683
014,congruent,Y,0.642
014,congruent,Y,0.736
014,incongruent,N,0.721
014,incongruent,Y,1.081
014,congruent,Y,0.73
014,neutral,Y,0.762
014,neutral,Y,0.918
014,congruent,Y,0.835
014,incongruent,Y,0.808
014,congruent,Y,1.033
014,congruent,Y,0.667
014,incongruent,N,0.716
014,incongruent,Y,0.781
014,neutral,Y,0.858
014,congruent,Y,0.74
014,congruent,Y,0.68
014,congruent,Y,0.568
014,incongruent,Y,1.01
014,neutral,Y,0.666
014,congruent,Y,0.61
014,congruent,Y,0.636
014,neutral,Y,0.965
014,incongruent,Y,0.665
014,congruent,Y,0.971
014,neutral,Y,0.917
014,neutral,Y,0.734
014,neutral,Y,0.831
014,congruent,Y,0.677
014,congruent,Y,1.162
014,congruent,Y,0.744
014,neutral,Y,0.677
014,incongruent,N,0.698
014,congruent,Y,0.655
014,neutral,Y,0.64
014,incongruent,Y,0.682
014,congruent,Y,0.794
014,congruent,Y,0.759
014,neutral,Y,0.818
014,neutral,Y,0.885
014,congruent,Y,0.704
014,congruent,Y,0.667
014,neutral,Y,0.733
014,congruent,Y,0.682
014,congruent,Y,0.629
014,incongruent,Y,0.562
014,neutral,Y,0.714
014,neutral,Y,0.816
014,incongruent,Y,0.86
014,neutral,Y,0.509
014,incongruent,Y,0.683
014,congruent,Y,0.819
014,neutral,Y,0.728
014,incongruent,N,0.67
014,neutral,N,0.818
014,neutral,Y,0.996
014,congruent,Y,0.643
015,neutral,Y,0.728
015,neutral,Y,0.578
015,incongruent,Y,0.652
015,incongruent,Y,0.854
015,incongruent,Y,0.725
015,incongruent,Y,0.673
015,incongruent,Y,0.957
015,incongruent,Y,0.898
015,congruent,Y,0.878
015,neutral,Y,0.906
015,congruent,Y,0.68
015,congruent,Y,0.629
015,incongruent,Y,0.798
015,neutral,Y,0.66
015,congruent,Y,0.766
015,congruent,Y,0.652
015,congruent,Y,0.664
015,congruent,Y,0.618
015,incongruent,Y,1.082
015,incongruent,Y,1.243
015,neutral,Y,0.737
015,congruent,Y,0.639
015,congruent,Y,0.71
015,neutral,Y,0.642
015,neutral,Y,0.528
015,incongruent,Y,0.785
015,neutral,Y,0.85
015,incongruent,Y,0.702
015,incongruent,Y,0.698
015,congruent,Y,0.546
015,congruent,Y,0.499
015,congruent,Y,0.648
015,congruent,Y,0.635
015,neutral,Y,0.952
015,congruent,Y,0.606
015,incongruent,Y,0.663
015,incongruent,Y,0.827
015,congruent,Y,0.599
015,incongruent,Y,0.736
015,incongruent,Y,0.922
015,neutral,Y,0.739
015,incongruent,Y,0.773
015,neutral,Y,0.726
015,incongruent,Y,0.701
015,neutral,Y,0.655
015,incongruent,Y,0.652
015,neutral,Y,0.735
015,neutral,Y,0.65
015,neutral,Y,0.764
015,congruent,Y,0.588
015,congruent,Y,0.542
015,neutral,Y,0.867
015,neutral,Y,0.668
015,incongruent,Y,0.667
015,congruent,Y,0.834
015,congruent,Y,0.568
015,neutral,Y,0.622
015,neutral,Y,0.703
015,neutral,Y,0.687
015,congruent,Y,0.834
015,neutral,Y,0.564
015,neutral,Y,0.948
015,incongruent,Y,1.015
015,incongruent,Y,0.965
015,neutral,Y,0.694
015,congruent,Y,0.653
015,neutral,Y,0.72
015,incongruent,Y,0.672
015,congruent,Y,0.758
015,neutral,Y,0.885
015,neutral,Y,0.809
015,neutral,Y,0.629
015,neutral,Y,0.669
015,congruent,Y,0.775
015,incongruent,Y,0.634
015,congruent,N,0.639
015,congruent,Y,0.59
015,incongruent,Y,0.718
015,congruent,Y,0.917
015,congruent,Y,0.931
015,congruent,Y,0.598
015,incongruent,Y,0.687
015,incongruent,Y,0.664
015,neutral,Y,0.603
015,neutral,Y,0.604
015,incongruent,Y,0.701
015,neutral,Y,0.595
015,congruent,Y,0.671
015,congruent,Y,0.64
015,congruent,Y,0.674
015,neutral,Y,0.718
015,neutral,Y,0.734
015,congruent,Y,0.553
015,incongruent,N,0.949
015,congruent,Y,0.646
015,congruent,Y,0.772
015,neutral,Y,0.644
015,neutral,Y,0.58
015,neutral,Y,0.717
015,congruent,Y,0.653
015,congruent,Y,0.586
015,neutral,Y,0.574
015,neutral,Y,0.751
015,incongruent,Y,0.607
015,incongruent,Y,0.744
015,incongruent,Y,0.761
015,congruent,Y,0.679
015,congruent,Y,0.634
015,incongruent,Y,0.803
015,congruent,Y,0.687
015,congruent,Y,0.651
015,neutral,Y,0.612
015,incongruent,Y,0.814
015,incongruent,Y,0.581
015,neutral,Y,0.597
015,neutral,Y,0.82
015,congruent,Y,0.654
015,neutral,Y,0.636
015,congruent,Y,0.627
016,neutral,Y,1.019
016,incongruent,Y,1.133
016,incongruent,Y,0.675
016,congruent,Y,0.743
016,congruent,Y,0.709
016,neutral,Y,0.693
016,incongruent,Y,0.998
016,congruent,Y,1.025
016,congruent,Y,0.668
016,incongruent,Y,1.093
016,incongruent,N,0.883
016,neutral,Y,1.03
016,congruent,Y,0.636
016,neutral,Y,0.545
016,congruent,Y,0.638
016,congruent,Y,0.739
016,congruent,Y,0.716
016,congruent,Y,0.647
016,congruent,Y,0.806
016,congruent,Y,0.799
016,neutral,Y,0.901
016,neutral,Y,0.795
016,neutral,Y,0.836
016,incongruent,Y,0.723
016,neutral,Y,0.649
016,congruent,N,0.711
016,neutral,Y,0.716
016,incongruent,Y,1.127
016,neutral,Y,0.786
016,congruent,Y,0.758
016,congruent,Y,0.793
016,congruent,Y,0.67
016,congruent,Y,0.834
016,neutral,Y,0.624
016,incongruent,Y,0.904
016,neutral,Y,0.821
016,neutral,N,0.654
016,congruent,Y,0.855
016,neutral,Y,0.714
016,incongruent,Y,0.866
016,neutral,Y,0.834
016,congruent,Y,0.726
016,neutral,Y,0.801
016,incongruent,Y,0.939
016,neutral,Y,0.842
016,congruent,Y,0.751
016,neutral,Y,0.897
016,congruent,Y,0.619
016,congruent,Y,0.698
016,incongruent,Y,1.157
016,incongruent,Y,0.997
016,neutral,Y,0.658
016,congruent,Y,1.056
016,incongruent,Y,0.829
016,neutral,Y,0.762
016,congruent,Y,0.686
016,congruent,Y,0.618
016,neutral,Y,1.036
016,incongruent,Y,0.905
016,neutral,Y,0.823
016,neutral,Y,0.879
016,congruent,Y,0.675
016,incongruent,Y,0.894
016,congruent,Y,0.905
016,neutral,Y,0.776
016,neutral,Y,0.66
016,incongruent,Y,1.134
016,congruent,Y,0.685
016,incongruent,Y,0.924
016,neutral,Y,0.861
016,neutral,Y,0.681
016,neutral,Y,0.785
016,neutral,Y,1.129
016,incongruent,Y,0.67
016,incongruent,N,0.766
016,congruent,Y,0.779
016,neutral,Y,0.896
016,incongruent,Y,0.697
016,neutral,Y,0.549
016,congruent,Y,0.724
016,incongruent,Y,1.041
016,incongruent,Y,0.46
016,neutral,Y,0.546
016,congruent,N,0
016,congruent,N,0
016,incongruent,Y,0.896
016,incongruent,N,0.707
016,incongruent,Y,1.034
016,neutral,N,0
016,congruent,Y,0.647
016,congruent,Y,0.72
016,neutral,Y,0.636
016,incongruent,Y,0.635
016,incongruent,Y,0.804
016,congruent,Y,0.735
016,incongruent,Y,0.906
016,incongruent,N,0
016,neutral,Y,0.704
016,incongruent,N,0.969
016,incongruent,N,0.941
016,incongruent,Y,1.139
016,incongruent,Y,0.998
016,incongruent,Y,0.644
016,neutral,Y,0.8
016,congruent,Y,0.805
016,neutral,Y,0.721
016,neutral,Y,0.565
016,congruent,Y,0.918
016,incongruent,Y,1.033
016,congruent,Y,0.687
016,congruent,Y,0.911
016,neutral,Y,1.095
016,congruent,Y,0.626
016,incongruent,Y,0.683
016,neutral,Y,0.727
016,neutral,Y,0.868
016,congruent,N,0
016,congruent,Y,0.651
016,neutral,Y,0.835
017,congruent,Y,0.558
017,congruent,Y,0.621
017,incongruent,Y,1.038
017,incongruent,N,0.862
017,congruent,Y,0.761
017,neutral,Y,0.873
017,congruent,Y,0.739
017,congruent,Y,0.737
017,congruent,Y,0.525
017,incongruent,Y,0.926
017,neutral,Y,0.808
017,incongruent,N,0
017,incongruent,N,0.966
017,congruent,Y,0.897
017,neutral,Y,0.475
017,neutral,Y,0.802
017,neutral,Y,0.666
017,neutral,Y,0.949
017,incongruent,Y,0.721
017,congruent,Y,0.675
017,neutral,Y,0.844
017,neutral,Y,0.753
017,incongruent,Y,0.787
017,incongruent,Y,0.644
017,congruent,Y,0.775
017,congruent,Y,0.687
017,incongruent,Y,0.766
017,congruent,Y,0.912
017,neutral,Y,0.731
017,congruent,Y,0.658
017,congruent,Y,0.541
017,neutral,Y,0.716
017,neutral,Y,0.688
017,incongruent,Y,0.822
017,incongruent,Y,0.658
017,congruent,Y,0.802
017,neutral,Y,0.834
017,neutral,Y,0.674
017,neutral,Y,0.72
017,congruent,Y,0.78
017,incongruent,Y,0.797
017,congruent,Y,0.731
017,congruent,Y,0.65
017,neutral,Y,0.76
017,neutral,Y,0.787
017,congruent,Y,0.621
017,neutral,Y,0.605
017,incongruent,N,0.805
017,congruent,Y,0.801
017,neutral,Y,0.795
017,incongruent,Y,0.898
017,incongruent,Y,1.027
017,incongruent,Y,0.831
017,incongruent,Y,0.824
017,neutral,Y,0.718
017,incongruent,Y,0.985
017,incongruent,Y,0.939
017,incongruent,Y,0.728
017,incongruent,Y,0.83
017,neutral,Y,0.839
017,congruent,Y,0.667
017,neutral,Y,0.701
017,congruent,Y,0.854
017,congruent,Y,0.673
017,neutral,Y,0.804
017,neutral,Y,0.698
017,neutral,Y,0.664
017,congruent,Y,0.686
017,congruent,Y,0.58
017,congruent,Y,0.599
017,congruent,Y,0.75
017,neutral,Y,0.709
017,congruent,Y,0.653
017,incongruent,Y,0.735
017,neutral,Y,0.656
017,incongruent,Y,0.782
017,congruent,Y,0.691
017,neutral,Y,0.715
017,incongruent,Y,1.246
017,congruent,Y,0.7
017,neutral,Y,0.684
017,incongruent,Y,0.763
017,congruent,Y,0.63
017,incongruent,Y,1.221
017,neutral,Y,0.7
017,incongruent,Y,1.039
017,congruent,Y,0.631
017,neutral,Y,0.761
017,congruent,Y,0.674
017,neutral,Y,0.755
017,incongruent,Y,0.732
017,congruent,Y,0.629
017,neutral,Y,0.754
017,neutral,Y,0.909
017,congruent,Y,0.777
017,neutral,Y,0.799
017,incongruent,Y,0.798
017,neutral,Y,0.704
017,neutral,Y,0.914
017,neutral,Y,0.694
017,neutral,Y,0.723
017,incongruent,Y,1.064
017,incongruent,Y,1.045
017,neutral,Y,0.676
017,neutral,Y,0.603
017,incongruent,Y,0.703
017,incongruent,Y,0.802
017,neutral,Y,0.669
017,congruent,Y,0.72
017,neutral,Y,0.778
017,congruent,Y,0.807
017,congruent,Y,0.611
017,congruent,Y,0.646
017,congruent,Y,0.74
017,incongruent,N,0
017,incongruent,Y,0.734
017,incongruent,Y,0.988
017,congruent,Y,0.599
017,congruent,Y,0.767
018,incongruent,Y,0.453
018,congruent,Y,0.557
018,congruent,Y,0.747
018,neutral,Y,0.714
018,congruent,Y,0.587
018,congruent,Y,0.556
018,congruent,Y,0.639
018,neutral,Y,0.695
018,neutral,Y,0.904
018,neutral,Y,0.588
018,congruent,Y,0.664
018,neutral,Y,0.723
018,neutral,Y,0.467
018,congruent,Y,0.557
018,congruent,N,0.601
018,incongruent,Y,0.688
018,neutral,Y,0.963
018,neutral,Y,0.585
018,neutral,Y,0.597
018,neutral,Y,0.831
018,congruent,Y,0.59
018,incongruent,Y,0.609
018,incongruent,Y,0.569
018,congruent,Y,0.559
018,neutral,Y,0.722
018,incongruent,Y,0.617
018,neutral,Y,0.563
018,congruent,Y,0.642
018,congruent,Y,0.591
018,congruent,Y,0.492
018,neutral,Y,0.591
018,congruent,Y,0.772
018,neutral,Y,0.67
018,incongruent,Y,0.569
018,neutral,Y,0.672
018,neutral,Y,0.745
018,neutral,Y,0.67
018,neutral,Y,0.647
018,incongruent,Y,0.858
018,incongruent,Y,0.675
018,incongruent,Y,0.544
018,congruent,Y,0.696
018,congruent,Y,0.58
018,neutral,Y,0.499
018,congruent,Y,0.761
018,incongruent,Y,0.597
018,incongruent,Y,0.424
018,incongruent,Y,0.813
018,incongruent,Y,0.542
018,congruent,Y,0.552
018,incongruent,Y,0.664
018,neutral,Y,0.648
018,congruent,Y,1.178
018,incongruent,N,0.775
018,neutral,Y,0.725
018,neutral,Y,0.555
018,congruent,Y,0.512
018,congruent,Y,0.406
018,neutral,Y,0.6
018,congruent,Y,0.671
018,incongruent,Y,0.633
018,incongruent,Y,0.607
018,neutral,Y,0.633
018,incongruent,N,0.572
018,incongruent,N,1.001
018,congruent,Y,0.676
018,incongruent,N,0.702
018,neutral,Y,0.633
018,incongruent,Y,0.605
018,neutral,Y,0.444
018,congruent,Y,0.655
018,congruent,Y,0.542
018,incongruent,Y,0.598
018,congruent,Y,0.814
018,neutral,Y,0.622
018,incongruent,Y,1.052
018,neutral,Y,0.685
018,neutral,Y,0.726
018,neutral,Y,0.935
018,neutral,Y,0.631
018,neutral,Y,0.673
018,congruent,Y,0.599
018,incongruent,Y,0.831
018,neutral,Y,0.753
018,congruent,Y,0.608
018,neutral,Y,0.622
018,incongruent,Y,0.677
018,congruent,Y,0.724
018,congruent,Y,0.64
018,congruent,Y,0.696
018,incongruent,Y,0.707
018,congruent,N,0.561
018,incongruent,Y,1.018
018,incongruent,N,0
018,congruent,Y,0.665
018,incongruent,N,0.608
018,incongruent,Y,1.086
018,neutral,Y,0.377
018,neutral,Y,0.516
018,congruent,Y,0.544
018,incongruent,Y,1.007
018,incongruent,Y,0.796
018,incongruent,Y,0.673
018,congruent,Y,0.447
018,congruent,Y,0.66
018,congruent,N,0
018,incongruent,Y,0.902
018,neutral,Y,0.473
018,incongruent,Y,0.875
018,neutral,Y,0.539
018,congruent,Y,0.954
018,incongruent,N,0.766
018,congruent,Y,0.617
018,congruent,Y,0.546
018,congruent,Y,0.56
018,neutral,Y,0.548
018,neutral,Y,0.8
018,neutral,Y,0.698
018,neutral,Y,0.863
019,neutral,N,0.852
019,congruent,Y,0.899
019,incongruent,Y,0.783
019,incongruent,Y,0.74
019,congruent,N,0.836
019,incongruent,Y,0.929
019,neutral,Y,0.928
019,incongruent,Y,0.701
019,congruent,Y,0.895
019,congruent,Y,0.801
019,neutral,Y,0.854
019,congruent,Y,0.883
019,neutral,Y,0.742
019,congruent,Y,0.731
019,incongruent,Y,0.891
019,incongruent,Y,0.781
019,neutral,Y,0.802
019,congruent,Y,1.049
019,congruent,Y,0.645
019,incongruent,Y,0.629
019,incongruent,Y,0.636
019,congruent,Y,0.744
019,incongruent,Y,0.72
019,neutral,Y,0.744
019,neutral,Y,0.732
019,congruent,Y,0.829
019,congruent,Y,0.645
019,congruent,Y,0.585
019,congruent,Y,0.746
019,neutral,Y,0.683
019,neutral,Y,0.584
019,neutral,Y,0.886
019,incongruent,Y,0.85
019,neutral,Y,0.674
019,neutral,Y,0.714
019,neutral,Y,0.86
019,neutral,Y,0.682
019,congruent,Y,0.892
019,incongruent,Y,0.964
019,incongruent,N,0.787
019,congruent,Y,0.633
019,neutral,Y,0.746
019,incongruent,Y,0.763
019,congruent,Y,0.557
019,congruent,Y,0.663
019,congruent,Y,0.637
019,incongruent,Y,0.654
019,neutral,Y,0.664
019,congruent,Y,0.653
019,congruent,Y,0.573
019,incongruent,N,0.802
019,incongruent,N,0
019,congruent,Y,0.715
019,neutral,Y,0.979
019,incongruent,Y,0.773
019,incongruent,Y,1.107
019,incongruent,Y,0.84
019,incongruent,Y,1.049
019,congruent,Y,0.793
019,neutral,Y,0.662
019,incongruent,Y,0.911
019,incongruent,Y,0.723
019,congruent,Y,0.659
019,congruent,Y,0.621
019,neutral,Y,0.64
019,congruent,Y,0.664
019,neutral,Y,0.765
019,neutral,Y,0.629
019,neutral,Y,0.656
019,congruent,Y,0.675
019,incongruent,Y,0.794
019,neutral,Y,0.638
019,neutral,Y,0.575
019,neutral,Y,0.606
019,incongruent,Y,0.745
019,congruent,Y,0.758
019,neutral,Y,0.767
019,neutral,Y,0.693
019,neutral,Y,0.664
019,neutral,Y,1.07
019,congruent,Y,0.644
019,congruent,Y,0.825
019,neutral,Y,0.738
019,incongruent,Y,1.039
019,neutral,Y,0.65
019,neutral,Y,0.629
019,incongruent,Y,0.885
019,congruent,Y,0.982
019,neutral,Y,0.824
019,congruent,Y,0.674
019,congruent,Y,0.848
019,neutral,Y,0.759
019,congruent,Y,0.683
019,congruent,Y,0.645
019,neutral,Y,0.742
019,incongruent,Y,0.716
019,congruent,Y,0.622
019,neutral,Y,0.644
019,neutral,Y,0.744
019,neutral,Y,0.658
019,congruent,Y,0.677
019,neutral,Y,0.601
019,neutral,Y,0.735
019,incongruent,Y,0.642
019,neutral,Y,0.641
019,congruent,Y,0.732
019,incongruent,Y,1.081
019,incongruent,Y,0.63
019,congruent,Y,0.72
019,incongruent,Y,0.775
019,congruent,Y,0.672
019,incongruent,Y,0.696
019,incongruent,Y,0.777
019,congruent,Y,0.708
019,neutral,Y,0.675
019,congruent,Y,0.637
019,incongruent,Y,0.763
019,incongruent,Y,0.845
019,incongruent,Y,0.855
020,neutral,Y,1.093
020,neutral,Y,1.111
020,congruent,Y,0.848
020,congruent,Y,0.722
020,neutral,Y,0.927
020,incongruent,N,0.82
020,congruent,Y,1.215
020,neutral,Y,0.654
020,congruent,Y,0.798
020,neutral,Y,0.795
020,congruent,Y,0.7
020,incongruent,Y,1.033
020,congruent,Y,0.811
020,congruent,Y,0.842
020,incongruent,Y,1
020,congruent,Y,0.851
020,congruent,Y,0.665
020,neutral,N,0.799
020,incongruent,Y,1.188
020,congruent,Y,0.674
020,congruent,Y,0.81
020,incongruent,Y,1.063
020,congruent,Y,0.769
020,incongruent,Y,1.003
020,neutral,Y,0.797
020,neutral,Y,0.918
020,neutral,Y,0.739
020,incongruent,N,0.898
020,neutral,Y,0.777
020,neutral,Y,0.736
020,neutral,Y,1.028
020,congruent,Y,0.755
020,congruent,Y,0.896
020,incongruent,Y,1.097
020,neutral,Y,0.956
020,incongruent,N,0.93
020,congruent,Y,0.802
020,congruent,Y,0.728
020,neutral,Y,0.777
020,congruent,Y,0.809
020,neutral,Y,0.648
020,incongruent,Y,0.839
020,neutral,Y,1.058
020,congruent,Y,0.997
020,congruent,Y,0.88
020,incongruent,Y,0.944
020,incongruent,Y,1.018
020,neutral,Y,0.809
020,incongruent,Y,0.982
020,neutral,N,0.718
020,neutral,Y,0.712
020,congruent,Y,0.778
020,neutral,Y,0.872
020,congruent,Y,0.954
020,incongruent,Y,0.796
020,incongruent,Y,0.965
020,neutral,Y,0.756
020,neutral,Y,0.911
020,neutral,Y,1.031
020,incongruent,Y,0.957
020,incongruent,Y,0.901
020,congruent,Y,0.87
020,incongruent,Y,0.966
020,congruent,Y,0.77
020,neutral,Y,0.649
020,incongruent,N,1.022
020,congruent,Y,0.746
020,neutral,Y,0.774
020,incongruent,Y,0.96
020,neutral,Y,0.723
020,neutral,Y,0.767
020,congruent,Y,0.943
020,congruent,Y,0.719
020,congruent,Y,0.868
020,congruent,Y,0.954
020,congruent,Y,0.765
020,congruent,Y,0.897
020,neutral,Y,0.791
020,neutral,Y,0.895
020,neutral,Y,0.901
020,incongruent,Y,1.021
020,neutral,Y,0.765
020,neutral,Y,0.813
020,incongruent,Y,1.127
020,neutral,Y,0.801
020,incongruent,Y,0.903
020,congruent,Y,0.777
020,incongruent,N,0.85
020,incongruent,Y,0.914
020,neutral,Y,0.993
020,congruent,Y,1.113
020,incongruent,Y,0.891
020,incongruent,Y,0.96
020,incongruent,Y,0.931
020,congruent,Y,0.857
020,neutral,N,0.917
020,congruent,Y,1.165
020,neutral,Y,0.754
020,incongruent,Y,0.911
020,neutral,Y,0.717
020,congruent,Y,0.76
020,congruent,Y,0.917
020,incongruent,N,0.958
020,congruent,Y,0.747
020,congruent,Y,0.738
020,incongruent,Y,0.914
020,neutral,Y,0.755
020,congruent,Y,0.769
020,incongruent,Y,0.949
020,neutral,Y,0.866
020,incongruent,Y,0.942
020,congruent,Y,0.911
020,incongruent,Y,0.963
020,congruent,Y,0.924
020,incongruent,Y,0.933
020,incongruent,Y,0.872
020,neutral,Y,0.997
020,neutral,Y,1.18
020,congruent,Y,0.974
021,congruent,Y,1.229
021,neutral,Y,0.794
021,neutral,Y,0.62
021,neutral,Y,0.632
021,incongruent,Y,0.675
021,neutral,Y,0.719
021,neutral,Y,0.792
021,neutral,Y,0.763
021,neutral,Y,0.695
021,incongruent,Y,0.76
021,incongruent,Y,0.72
021,neutral,Y,0.904
021,incongruent,Y,0.676
021,incongruent,Y,0.767
021,neutral,Y,0.957
021,incongruent,Y,0.692
021,neutral,Y,0.834
021,congruent,Y,0.7
021,congruent,Y,0.624
021,incongruent,Y,0.843
021,congruent,Y,0.639
021,congruent,Y,0.75
021,congruent,Y,0.632
021,congruent,Y,0.721
021,neutral,Y,0.698
021,incongruent,Y,0.692
021,neutral,Y,0.716
021,congruent,Y,0.639
021,incongruent,Y,1.025
021,congruent,Y,0.872
021,incongruent,Y,0.645
021,incongruent,Y,0.751
021,congruent,Y,0.635
021,incongruent,Y,0.842
021,congruent,Y,0.618
021,congruent,Y,0.649
021,congruent,Y,0.659
021,neutral,Y,0.753
021,congruent,Y,0.664
021,congruent,Y,0.77
021,neutral,Y,0.832
021,congruent,Y,0.723
021,incongruent,Y,0.928
021,incongruent,Y,0.88
021,neutral,Y,0.804
021,incongruent,Y,0.94
021,neutral,Y,0.662
021,congruent,Y,0.658
021,neutral,Y,0.642
021,neutral,Y,0.686
021,congruent,Y,0.665
021,congruent,Y,0.622
021,incongruent,Y,0.78
021,neutral,Y,0.766
021,congruent,Y,0.59
021,congruent,Y,0.684
021,neutral,Y,0.728
021,incongruent,Y,0.791
021,incongruent,Y,0.72
021,congruent,Y,0.707
021,incongruent,Y,0.972
021,congruent,Y,0.694
021,incongruent,Y,1.158
021,neutral,Y,0.712
021,neutral,Y,0.704
021,incongruent,Y,0.674
021,congruent,Y,0.673
021,congruent,Y,0.821
021,incongruent,N,0.755
021,congruent,Y,0.82
021,neutral,Y,0.635
021,neutral,Y,0.86
021,neutral,Y,0.697
021,incongruent,Y,0.866
021,incongruent,Y,0.966
021,neutral,Y,0.697
021,incongruent,Y,0.883
021,incongruent,N,1.302
021,neutral,Y,0.769
021,incongruent,Y,0.709
021,congruent,Y,0.873
021,congruent,Y,0.665
021,incongruent,Y,0.742
021,incongruent,Y,0.688
021,incongruent,Y,0.902
021,congruent,Y,0.927
021,congruent,Y,0.805
021,neutral,Y,0.694
021,congruent,Y,1.084
021,congruent,Y,0.788
021,congruent,Y,0.918
021,neutral,Y,0.877
021,neutral,Y,0.956
021,congruent,Y,0.81
021,congruent,Y,0.838
021,neutral,Y,0.825
021,neutral,Y,0.961
021,congruent,Y,0.863
021,congruent,Y,0.721
021,neutral,Y,0.782
021,neutral,Y,0.943
021,congruent,Y,0.719
021,neutral,Y,0.78
021,neutral,Y,0.751
021,congruent,Y,0.594
021,incongruent,Y,1.537
021,incongruent,Y,0.706
021,neutral,Y,0.733
021,incongruent,Y,1.176
021,neutral,Y,0.827
021,congruent,Y,0.576
021,neutral,Y,0.772
021,neutral,Y,0.866
021,neutral,Y,0.737
021,neutral,Y,0.841
021,incongruent,Y,0.925
021,incongruent,Y,1.139
021,incongruent,N,1.277
021,congruent,Y,0.847
022,congruent,N,0.954
022,incongruent,Y,0.73
022,congruent,Y,0.786
022,neutral,Y,0.96
022,congruent,Y,0.649
022,incongruent,Y,1.088
022,neutral,Y,0.89
022,neutral,Y,1.035
022,neutral,Y,0.756
022,neutral,Y,0.632
022,congruent,Y,1.047
022,neutral,Y,0.711
022,neutral,Y,0.837
022,incongruent,N,1.195
022,incongruent,Y,0.909
022,neutral,Y,0.744
022,neutral,Y,0.948
022,congruent,Y,0.62
022,neutral,Y,0.764
022,incongruent,Y,1.03
022,congruent,Y,0.687
022,incongruent,Y,1.088
022,incongruent,Y,0.925
022,congruent,Y,0.721
022,congruent,Y,0.88
022,neutral,Y,0.74
022,neutral,Y,0.847
022,congruent,Y,0.823
022,neutral,Y,0.732
022,neutral,Y,0.87
022,neutral,Y,0.734
022,incongruent,Y,0.751
022,congruent,Y,0.601
022,incongruent,Y,1.238
022,neutral,Y,1.042
022,congruent,Y,0.75
022,congruent,Y,0.641
022,incongruent,N,0.767
022,incongruent,Y,0.836
022,incongruent,N,0
022,incongruent,Y,1.073
022,neutral,Y,0.832
022,incongruent,Y,0.869
022,congruent,Y,0.85
022,neutral,Y,0.916
022,congruent,Y,0.792
022,congruent,Y,0.598
022,congruent,Y,0.746
022,incongruent,Y,0.688
022,congruent,Y,0.766
022,congruent,Y,0.598
022,neutral,Y,0.944
022,incongruent,N,0
022,incongruent,Y,0.792
022,incongruent,Y,1.194
022,neutral,Y,0.951
022,neutral,Y,0.737
022,congruent,N,1.014
022,incongruent,N,1.158
022,neutral,Y,0.833
022,congruent,Y,0.675
022,incongruent,Y,1.088
022,congruent,Y,0.702
022,neutral,Y,0.836
022,neutral,Y,0.817
022,congruent,Y,0.664
022,incongruent,N,0.759
022,congruent,Y,0.802
022,congruent,Y,0.738
022,incongruent,Y,0.902
022,neutral,Y,0.844
022,neutral,Y,0.836
022,incongruent,N,0.97
022,incongruent,Y,1.116
022,incongruent,Y,0.785
022,neutral,Y,0.972
022,congruent,Y,0.719
022,congruent,Y,0.606
022,neutral,Y,0.8
022,incongruent,N,0.941
022,congruent,Y,0.665
022,congruent,Y,0.762
022,congruent,Y,1.281
022,neutral,Y,0.86
022,incongruent,Y,0.967
022,neutral,Y,0.561
022,neutral,Y,1.293
022,neutral,Y,0.664
022,congruent,Y,0.605
022,incongruent,Y,1.019
022,neutral,Y,0.733
022,congruent,Y,0.65
022,neutral,Y,0.739
022,congruent,Y,0.8
022,congruent,N,0.537
022,neutral,Y,0.736
022,incongruent,Y,0.609
022,neutral,N,0.758
022,congruent,Y,0.716
022,neutral,Y,0.702
022,congruent,Y,0.621
022,congruent,Y,0.755
022,neutral,Y,0.699
022,congruent,Y,0.694
022,incongruent,Y,0.809
022,incongruent,Y,0.537
022,neutral,Y,0.926
022,incongruent,Y,0.752
022,neutral,Y,0.759
022,incongruent,Y,0.763
022,incongruent,N,0
022,congruent,Y,0.821
022,congruent,N,1.071
022,neutral,N,0.92
022,congruent,Y,0.619
022,incongruent,Y,0.969
022,congruent,Y,0.646
022,incongruent,N,1.192
022,congruent,Y,0.732
023,neutral,Y,0.815
023,congruent,Y,0.681
023,congruent,Y,0.615
023,neutral,Y,0.684
023,congruent,Y,0.631
023,neutral,Y,0.612
023,incongruent,Y,0.546
023,incongruent,Y,0.758
023,neutral,Y,0.597
023,incongruent,Y,0.749
023,congruent,Y,0.673
023,neutral,Y,0.492
023,incongruent,Y,0.723
023,congruent,Y,0.642
023,congruent,Y,0.45
023,neutral,N,0.768
023,congruent,Y,0.58
023,congruent,Y,0.569
023,incongruent,Y,0.572
023,incongruent,Y,0.898
023,congruent,Y,0.684
023,neutral,Y,0.58
023,congruent,Y,0.721
023,neutral,Y,1.043
023,neutral,Y,0.758
023,incongruent,Y,0.675
023,neutral,Y,0.675
023,incongruent,Y,0.66
023,neutral,Y,0.744
023,neutral,Y,0.72
023,neutral,Y,0.732
023,congruent,Y,0.557
023,congruent,Y,0.588
023,neutral,Y,0.644
023,incongruent,Y,0.603
023,incongruent,N,0.555
023,congruent,Y,0.737
023,incongruent,Y,0.704
023,congruent,Y,0.653
023,incongruent,Y,0.645
023,incongruent,Y,0.589
023,congruent,Y,0.66
023,incongruent,Y,0.764
023,neutral,Y,0.716
023,neutral,Y,0.562
023,incongruent,Y,0.684
023,incongruent,Y,1.02
023,neutral,Y,0.654
023,neutral,Y,0.732
023,congruent,Y,0.725
023,congruent,Y,0.623
023,neutral,Y,0.657
023,congruent,Y,0.756
023,incongruent,N,0.852
023,congruent,Y,0.593
023,congruent,Y,0.717
023,congruent,Y,0.641
023,congruent,Y,0.575
023,incongruent,N,0.687
023,incongruent,N,0.921
023,congruent,Y,0.612
023,congruent,Y,0.53
023,congruent,Y,0.657
023,neutral,Y,0.67
023,congruent,Y,0.651
023,neutral,Y,0.58
023,neutral,Y,0.865
023,incongruent,Y,1.246
023,congruent,Y,0.708
023,congruent,Y,0.647
023,incongruent,N,0.73
023,congruent,Y,0.881
023,neutral,Y,0.8
023,neutral,Y,0.637
023,neutral,Y,0.688
023,neutral,Y,0.774
023,congruent,Y,0.688
023,congruent,Y,0.642
023,neutral,Y,0.548
023,neutral,Y,1.3
023,neutral,Y,0.696
023,congruent,Y,0.627
023,neutral,Y,0.668
023,incongruent,Y,0.665
023,incongruent,Y,0.643
023,incongruent,Y,0.65
023,neutral,Y,0.791
023,congruent,Y,0.615
023,neutral,Y,0.815
023,neutral,Y,0.66
023,incongruent,Y,0.811
023,neutral,Y,0.622
023,incongruent,Y,0.691
023,neutral,Y,0.675
023,incongruent,Y,0.673
023,incongruent,Y,1.112
023,incongruent,Y,0.852
023,congruent,Y,0.605
023,incongruent,Y,0.718
023,incongruent,Y,0.662
023,neutral,Y,0.688
023,congruent,Y,0.576
023,congruent,Y,0.565
023,congruent,Y,0.674
023,incongruent,Y,0.648
023,neutral,Y,0.584
023,congruent,Y,0.781
023,congruent,Y,0.656
023,congruent,Y,0.689
023,incongruent,Y,1.059
023,neutral,Y,0.955
023,incongruent,Y,0.853
023,neutral,Y,0.687
023,neutral,Y,0.677
023,neutral,Y,0.659
023,incongruent,Y,0.632
023,incongruent,Y,0.7
023,neutral,Y,0.659
023,congruent,Y,0.565
024,incongruent,Y,0.971
024,congruent,Y,0.675
024,congruent,Y,0.641
024,incongruent,Y,0.712
024,neutral,Y,0.682
024,incongruent,Y,0.501
024,neutral,Y,0.549
024,incongruent,Y,0.543
024,congruent,Y,0.597
024,congruent,Y,0.528
024,congruent,Y,0.572
024,incongruent,Y,0.384
024,neutral,N,0.808
024,incongruent,Y,0.811
024,neutral,Y,0.56
024,neutral,Y,0.667
024,congruent,Y,0.649
024,congruent,Y,0.754
024,neutral,Y,0.698
024,incongruent,Y,0.922
024,incongruent,Y,0.451
024,neutral,Y,0.71
024,incongruent,Y,0.881
024,incongruent,Y,0.651
024,neutral,N,0.88
024,neutral,Y,0.925
024,incongruent,Y,0.747
024,incongruent,Y,0.975
024,congruent,Y,0.854
024,congruent,Y,0.548
024,neutral,Y,0.967
024,congruent,Y,0.849
024,congruent,Y,0.642
024,incongruent,Y,0.608
024,congruent,Y,0.739
024,congruent,Y,0.495
024,incongruent,Y,1.068
024,congruent,Y,0.461
024,incongruent,Y,0.835
024,incongruent,N,0.783
024,congruent,Y,0.872
024,neutral,Y,0.636
024,neutral,Y,0.535
024,neutral,Y,1.03
024,neutral,Y,0.649
024,incongruent,Y,0.683
024,neutral,Y,0.745
024,neutral,Y,0.595
024,incongruent,Y,0.502
024,neutral,Y,0.722
024,neutral,Y,0.506
024,incongruent,Y,0.942
024,congruent,Y,0.506
024,neutral,Y,0.552
024,congruent,Y,0.646
024,neutral,Y,0.948
024,congruent,Y,0.857
024,congruent,Y,0.621
024,congruent,Y,0.686
024,incongruent,Y,0.723
024,congruent,Y,0.524
024,neutral,Y,0.839
024,neutral,Y,0.944
024,congruent,Y,0.704
024,neutral,Y,1.131
024,congruent,Y,0.71
024,neutral,Y,0.679
024,congruent,Y,0.566
024,incongruent,Y,0.885
024,incongruent,Y,0.806
024,incongruent,Y,0.845
024,congruent,Y,0.628
024,neutral,Y,0.765
024,neutral,Y,0.726
024,incongruent,Y,0.723
024,incongruent,Y,0.712
024,congruent,Y,0.751
024,neutral,Y,0.795
024,incongruent,N,1.035
024,congruent,Y,0.594
024,congruent,N,0.56
024,neutral,Y,0.845
024,congruent,Y,0.823
024,neutral,Y,0.672
024,congruent,Y,1.009
024,congruent,Y,0.608
024,neutral,Y,0.632
024,congruent,Y,0.678
024,neutral,Y,0.744
024,neutral,Y,0.623
024,neutral,Y,0.97
024,incongruent,Y,0.821
024,neutral,Y,0.795
024,incongruent,Y,0.777
024,neutral,Y,0.841
024,congruent,N,0
024,congruent,N,0
024,congruent,Y,0.735
024,incongruent,N,0.686
024,congruent,Y,0.716
024,incongruent,Y,0.873
024,incongruent,Y,0.997
024,neutral,Y,1.076
024,incongruent,Y,0.575
024,neutral,Y,0.686
024,neutral,Y,0.617
024,neutral,Y,0.797
024,neutral,Y,0.903
024,incongruent,Y,0.803
024,congruent,Y,0.712
024,congruent,Y,0.773
024,incongruent,Y,1.009
024,congruent,Y,0.808
024,neutral,N,0
024,congruent,Y,0.807
024,congruent,N,0
024,neutral,Y,0.934
024,incongruent,Y,0.936
024,congruent,Y,0.56
025,congruent,Y,0.877
025,neutral,Y,0.501
025,congruent,Y,0.448
025,congruent,Y,0.634
025,congruent,Y,0.755
025,incongruent,Y,0.552
025,congruent,Y,0.611
025,incongruent,Y,1.039
025,neutral,Y,0.908
025,neutral,Y,0.642
025,neutral,Y,0.598
025,neutral,Y,0.817
025,congruent,Y,0.851
025,congruent,Y,0.618
025,neutral,Y,0.624
025,neutral,Y,0.821
025,congruent,Y,0.702
025,neutral,Y,0.691
025,incongruent,Y,0.624
025,neutral,Y,0.608
025,incongruent,Y,0.617
025,congruent,N,0.661
025,neutral,Y,0.718
025,neutral,Y,0.999
025,neutral,Y,0.647
025,congruent,Y,0.596
025,congruent,Y,0.71
025,incongruent,Y,0.652
025,congruent,Y,0.662
025,congruent,Y,0.61
025,incongruent,Y,0.572
025,neutral,Y,0.648
025,congruent,Y,0.605
025,incongruent,Y,0.806
025,incongruent,Y,0.56
025,congruent,Y,0.629
025,incongruent,Y,0.563
025,congruent,Y,0.683
025,neutral,Y,0.585
025,incongruent,Y,0.809
025,incongruent,Y,0.605
025,incongruent,Y,0.846
025,congruent,Y,0.684
025,neutral,Y,0.688
025,incongruent,N,0.737
025,congruent,Y,0.977
025,congruent,Y,0.786
025,incongruent,Y,1.088
025,neutral,Y,1.232
025,congruent,Y,0.832
025,congruent,Y,0.703
025,congruent,Y,0.82
025,neutral,Y,0.759
025,congruent,Y,0.633
025,congruent,Y,0.639
025,neutral,Y,0.62
025,incongruent,Y,0.608
025,congruent,Y,0.534
025,incongruent,Y,0.719
025,congruent,N,0.488
025,congruent,Y,0.714
025,neutral,Y,0.755
025,incongruent,Y,0.748
025,incongruent,Y,1.105
025,neutral,N,0.925
025,neutral,Y,0.802
025,congruent,Y,0.671
025,congruent,Y,0.862
025,neutral,Y,0.858
025,neutral,Y,0.817
025,neutral,Y,0.636
025,neutral,Y,0.587
025,incongruent,Y,0.654
025,incongruent,Y,0.731
025,incongruent,Y,0.82
025,incongruent,Y,0.56
025,congruent,Y,0.763
025,neutral,Y,0.655
025,congruent,Y,0.869
025,neutral,Y,0.687
025,incongruent,Y,0.916
025,neutral,Y,0.628
025,neutral,Y,0.712
025,incongruent,Y,0.96
025,neutral,Y,0.818
025,congruent,Y,0.65
025,incongruent,Y,0.644
025,congruent,Y,0.675
025,incongruent,Y,1.163
025,congruent,Y,0.926
025,congruent,Y,0.632
025,incongruent,Y,0.758
025,neutral,Y,0.722
025,incongruent,Y,0.965
025,neutral,N,0.807
025,incongruent,Y,1.111
025,incongruent,Y,0.834
025,neutral,Y,0.67
025,neutral,Y,0.792
025,neutral,Y,0.632
025,congruent,Y,0.675
025,neutral,Y,0.883
025,incongruent,Y,0.685
025,congruent,Y,0.651
025,incongruent,Y,0.713
025,neutral,Y,0.682
025,incongruent,Y,1.158
025,neutral,Y,0.649
025,congruent,Y,0.858
025,congruent,Y,0.872
025,congruent,Y,0.891
025,congruent,Y,0.764
025,neutral,Y,0.713
025,incongruent,Y,0.982
025,neutral,Y,0.771
025,neutral,Y,0.65
025,congruent,Y,0.703
025,incongruent,Y,0.977
025,neutral,Y,0.809
026,congruent,Y,0.898
026,incongruent,N,0.664
026,incongruent,Y,1.07
026,neutral,Y,0.701
026,congruent,Y,0.687
026,neutral,Y,0.756
026,neutral,Y,0.721
026,neutral,Y,0.728
026,congruent,Y,0.734
026,neutral,Y,0.808
026,incongruent,N,0.772
026,incongruent,Y,0.852
026,neutral,Y,0.748
026,neutral,Y,0.702
026,incongruent,Y,0.921
026,neutral,Y,0.728
026,incongruent,Y,1.154
026,incongruent,Y,0.937
026,neutral,Y,0.886
026,incongruent,Y,1.063
026,neutral,Y,0.862
026,congruent,Y,0.713
026,incongruent,Y,1.266
026,congruent,Y,0.798
026,incongruent,Y,0.807
026,neutral,Y,0.751
026,congruent,Y,0.67
026,incongruent,Y,0.904
026,incongruent,Y,0.69
026,incongruent,Y,0.722
026,incongruent,Y,0.986
026,incongruent,Y,1.06
026,neutral,Y,0.77
026,congruent,Y,0.724
026,neutral,Y,0.766
026,neutral,Y,0.654
026,congruent,Y,0.818
026,congruent,Y,0.637
026,neutral,Y,0.769
026,congruent,Y,0.932
026,neutral,Y,1.057
026,neutral,Y,0.887
026,congruent,Y,0.731
026,neutral,Y,0.768
026,neutral,Y,0.718
026,congruent,Y,0.657
026,incongruent,N,0.899
026,incongruent,Y,0.982
026,congruent,Y,0.804
026,neutral,Y,0.793
026,neutral,Y,0.747
026,congruent,Y,0.968
026,congruent,Y,0.665
026,congruent,Y,0.639
026,incongruent,N,0.648
026,congruent,Y,0.842
026,neutral,Y,0.816
026,congruent,Y,0.758
026,incongruent,Y,1.024
026,neutral,Y,0.708
026,neutral,Y,0.799
026,congruent,Y,0.847
026,congruent,Y,0.726
026,neutral,Y,0.749
026,congruent,Y,0.84
026,incongruent,Y,0.911
026,neutral,Y,0.957
026,congruent,Y,0.871
026,neutral,Y,1.119
026,congruent,Y,0.825
026,congruent,Y,0.75
026,incongruent,Y,0.857
026,neutral,Y,0.795
026,congruent,Y,0.741
026,congruent,Y,0.876
026,neutral,Y,0.766
026,incongruent,Y,0.803
026,incongruent,Y,1.049
026,neutral,Y,0.89
026,incongruent,N,1.069
026,congruent,Y,0.812
026,incongruent,N,0.697
026,congruent,Y,0.801
026,neutral,Y,0.858
026,neutral,Y,1.164
026,incongruent,Y,1.065
026,incongruent,Y,0.999
026,incongruent,Y,1.028
026,incongruent,Y,0.87
026,incongruent,Y,1.417
026,neutral,Y,1.173
026,congruent,Y,1.139
026,neutral,Y,0.8
026,congruent,Y,0.748
026,neutral,Y,0.818
026,neutral,Y,1.422
026,neutral,Y,0.753
026,incongruent,Y,1.152
026,congruent,Y,1.038
026,congruent,Y,0.862
026,incongruent,Y,0.985
026,congruent,Y,0.663
026,incongruent,Y,0.791
026,neutral,Y,1.227
026,incongruent,Y,1.013
026,neutral,Y,1.341
026,neutral,Y,0.923
026,neutral,Y,1.074
026,congruent,Y,0.866
026,congruent,Y,0.707
026,incongruent,Y,0.905
026,neutral,Y,1.188
026,incongruent,Y,0.896
026,congruent,Y,0.825
026,congruent,Y,0.736
026,congruent,Y,0.983
026,congruent,N,0.984
026,congruent,Y,0.755
026,congruent,Y,0.559
027,congruent,Y,0.562
027,congruent,Y,0.731
027,incongruent,Y,0.917
027,congruent,Y,0.887
027,neutral,Y,0.684
027,congruent,Y,0.618
027,incongruent,Y,0.724
027,congruent,Y,0.621
027,neutral,Y,0.63
027,congruent,Y,0.576
027,neutral,Y,0.58
027,incongruent,Y,0.687
027,incongruent,Y,0.711
027,neutral,Y,0.657
027,neutral,Y,0.793
027,incongruent,Y,0.745
027,neutral,Y,0.719
027,incongruent,Y,0.821
027,congruent,Y,0.695
027,congruent,Y,0.73
027,neutral,Y,0.652
027,incongruent,Y,0.703
027,incongruent,Y,0.936
027,incongruent,Y,0.693
027,incongruent,Y,0.562
027,congruent,Y,0.591
027,neutral,Y,0.77
027,congruent,Y,0.678
027,congruent,Y,0.771
027,incongruent,Y,0.78
027,neutral,Y,0.978
027,congruent,Y,0.675
027,neutral,Y,0.786
027,incongruent,N,0.913
027,incongruent,Y,1.229
027,neutral,Y,0.801
027,incongruent,Y,0.868
027,neutral,Y,0.961
027,neutral,Y,0.915
027,neutral,Y,0.581
027,congruent,Y,0.76
027,congruent,Y,0.64
027,congruent,Y,0.726
027,neutral,Y,0.695
027,neutral,Y,0.718
027,neutral,Y,0.889
027,neutral,Y,0.819
027,neutral,Y,0.636
027,congruent,Y,0.712
027,incongruent,Y,0.739
027,congruent,Y,0.85
027,congruent,Y,0.722
027,congruent,Y,0.558
027,incongruent,Y,0.696
027,congruent,Y,0.738
027,incongruent,Y,0.723
027,incongruent,Y,0.815
027,neutral,Y,0.713
027,congruent,Y,0.792
027,congruent,Y,0.766
027,congruent,Y,0.807
027,incongruent,Y,1.131
027,congruent,Y,0.719
027,neutral,Y,0.965
027,incongruent,Y,0.884
027,congruent,Y,1.052
027,neutral,Y,0.989
027,incongruent,Y,1.095
027,neutral,Y,0.846
027,congruent,Y,0.704
027,neutral,Y,0.69
027,congruent,Y,0.849
027,neutral,Y,0.646
027,neutral,Y,0.723
027,congruent,Y,0.647
027,neutral,Y,0.813
027,neutral,Y,0.929
027,neutral,Y,0.848
027,congruent,Y,0.793
027,neutral,Y,0.602
027,incongruent,Y,0.842
027,neutral,Y,0.651
027,incongruent,Y,0.975
027,congruent,Y,0.903
027,incongruent,Y,1.269
027,neutral,Y,0.646
027,congruent,Y,0.832
027,neutral,Y,1.092
027,neutral,Y,0.738
027,incongruent,Y,0.785
027,incongruent,Y,0.689
027,incongruent,N,0
027,incongruent,Y,0.66
027,incongruent,Y,0.894
027,congruent,Y,0.713
027,neutral,Y,0.784
027,incongruent,N,0.94
027,neutral,Y,0.729
027,congruent,Y,0.866
027,congruent,Y,0.787
027,neutral,Y,0.771
027,congruent,Y,0.817
027,incongruent,Y,1.063
027,neutral,Y,0.799
027,congruent,Y,0.94
027,incongruent,N,0.719
027,neutral,Y,0.792
027,incongruent,Y,0.699
027,congruent,Y,0.598
027,neutral,Y,0.772
027,incongruent,N,1.079
027,incongruent,Y,0.807
027,congruent,Y,1.065
027,congruent,Y,0.841
027,congruent,Y,0.788
027,neutral,Y,0.785
027,incongruent,Y,1.086
027,neutral,Y,1.33
027,congruent,Y,0.795
028,incongruent,Y,0.868
028,neutral,Y,0.796
028,incongruent,Y,1.104
028,neutral,N,0.729
028,neutral,Y,0.524
028,congruent,Y,0.9
028,congruent,Y,0.669
028,neutral,Y,0.881
028,congruent,Y,0.759
028,incongruent,Y,0.83
028,neutral,Y,0.723
028,incongruent,Y,0.984
028,neutral,Y,0.8
028,incongruent,N,0.974
028,congruent,Y,0.907
028,incongruent,Y,0.697
028,neutral,Y,0.652
028,incongruent,Y,0.639
028,incongruent,Y,0.721
028,congruent,Y,0.751
028,incongruent,Y,1.049
028,neutral,Y,1.281
028,congruent,Y,0.817
028,neutral,Y,0.934
028,congruent,Y,1.387
028,congruent,Y,0.706
028,incongruent,Y,0.924
028,neutral,Y,0.778
028,neutral,Y,0.898
028,congruent,Y,0.626
028,congruent,Y,1.01
028,congruent,Y,0.821
028,congruent,Y,0.592
028,incongruent,Y,0.636
028,incongruent,Y,0.865
028,incongruent,Y,0.552
028,incongruent,Y,0.821
028,neutral,Y,0.772
028,congruent,Y,1.09
028,neutral,N,0.806
028,neutral,Y,0.814
028,incongruent,Y,1.057
028,congruent,N,0.931
028,neutral,Y,0.813
028,incongruent,Y,0.926
028,neutral,Y,0.815
028,neutral,Y,0.924
028,neutral,Y,1.285
028,congruent,Y,0.987
028,neutral,Y,0.831
028,congruent,Y,0.785
028,incongruent,Y,1.05
028,congruent,Y,1.434
028,neutral,Y,0.881
028,neutral,Y,1.035
028,congruent,Y,0.771
028,incongruent,Y,1.006
028,congruent,Y,0.798
028,congruent,Y,0.944
028,neutral,Y,0.933
028,incongruent,N,0.925
028,congruent,Y,0.681
028,incongruent,Y,1.119
028,neutral,Y,1.03
028,congruent,Y,0.899
028,congruent,Y,0.893
028,incongruent,Y,1.216
028,congruent,Y,0.865
028,congruent,Y,0.747
028,congruent,Y,1.01
028,neutral,Y,0.952
028,incongruent,Y,1.158
028,congruent,Y,0.847
028,incongruent,Y,1.249
028,neutral,Y,1.249
028,incongruent,Y,1.248
028,neutral,Y,0.972
028,neutral,Y,0.663
028,incongruent,Y,1.169
028,congruent,Y,1.093
028,neutral,Y,1.02
028,congruent,Y,0.867
028,incongruent,Y,1.326
028,congruent,Y,0.908
028,neutral,Y,1.145
028,congruent,Y,0.734
028,incongruent,N,1.732
028,incongruent,Y,1.116
028,neutral,Y,0.832
028,neutral,Y,0.811
028,neutral,Y,1.306
028,neutral,Y,1.092
028,congruent,Y,1.016
028,incongruent,Y,1.047
028,congruent,N,0
028,neutral,Y,0.959
028,neutral,Y,1.071
028,neutral,N,1.007
028,neutral,Y,1.049
028,congruent,Y,1.028
028,incongruent,Y,1.415
028,incongruent,N,1.006
028,neutral,N,1.742
028,neutral,Y,1.126
028,congruent,Y,1.102
028,congruent,Y,1.146
028,neutral,Y,1.007
028,incongruent,Y,1.311
028,incongruent,Y,0.76
028,incongruent,Y,1.377
028,neutral,Y,1.071
028,congruent,Y,0.82
028,incongruent,Y,0.891
028,congruent,Y,0.88
028,congruent,Y,0.834
028,congruent,Y,1.326
028,neutral,Y,1.242
028,incongruent,Y,1.256
028,congruent,Y,1.131
